,Entity,Year,AIRPollutionIndex,Id
0,Afghanistan,2014,195.43695820699543,Afghanistan_2014
1,Afghanistan,2015,191.8011189732795,Afghanistan_2015
2,Afghanistan,2016,186.6689494361705,Afghanistan_2016
3,Afghanistan,2017,183.9413870541869,Afghanistan_2017
4,Albania,2014,42.522621715025295,Albania_2014
5,Albania,2015,42.299772755674304,Albania_2015
6,Albania,2016,41.01878796343353,Albania_2016
7,Albania,2017,40.48112424828898,Albania_2017
8,Algeria,2014,44.78195599010069,Algeria_2014
9,Algeria,2015,44.36252396309364,Algeria_2015
10,Algeria,2016,44.539093702576466,Algeria_2016
11,Algeria,2017,43.683511726160276,Algeria_2017
12,American Samoa,2014,61.36924322738732,American Samoa_2014
13,American Samoa,2015,60.79599083924141,American Samoa_2015
14,American Samoa,2016,59.26105941999234,American Samoa_2016
15,American Samoa,2017,58.939485366249436,American Samoa_2017
16,Andean Latin America,2014,36.71909802616182,Andean Latin America_2014
17,Andean Latin America,2015,34.601461429526005,Andean Latin America_2015
18,Andean Latin America,2016,33.50749881289078,Andean Latin America_2016
19,Andean Latin America,2017,32.77592701400283,Andean Latin America_2017
20,Andorra,2014,16.3154728723639,Andorra_2014
21,Andorra,2015,16.652145832769765,Andorra_2015
22,Andorra,2016,15.606827403240604,Andorra_2016
23,Andorra,2017,15.569478463523975,Andorra_2017
24,Angola,2014,103.29178466924536,Angola_2014
25,Angola,2015,100.23948013351288,Angola_2015
26,Angola,2016,97.12452930796341,Angola_2016
27,Angola,2017,95.21990919773063,Angola_2017
28,Antigua and Barbuda,2014,34.13568665051038,Antigua and Barbuda_2014
29,Antigua and Barbuda,2015,33.58601961889343,Antigua and Barbuda_2015
30,Antigua and Barbuda,2016,32.52075794643337,Antigua and Barbuda_2016
31,Antigua and Barbuda,2017,32.35337087889398,Antigua and Barbuda_2017
32,Argentina,2014,33.11331247780929,Argentina_2014
33,Argentina,2015,33.08692384629538,Argentina_2015
34,Argentina,2016,31.838073425521078,Argentina_2016
35,Argentina,2017,31.05788284303389,Argentina_2017
36,Armenia,2014,66.48719723372632,Armenia_2014
37,Armenia,2015,67.15583171909857,Armenia_2015
38,Armenia,2016,64.86230501424498,Armenia_2016
39,Armenia,2017,64.81278002952514,Armenia_2017
40,Australasia,2014,11.177655650660698,Australasia_2014
41,Australasia,2015,10.987306785045742,Australasia_2015
42,Australasia,2016,10.291204862952052,Australasia_2016
43,Australasia,2017,10.459774667181632,Australasia_2017
44,Australia,2014,11.472679444134,Australia_2014
45,Australia,2015,11.27679379229225,Australia_2015
46,Australia,2016,10.586439853479725,Australia_2016
47,Australia,2017,10.795951827407098,Australia_2017
48,Austria,2014,18.873903944744814,Austria_2014
49,Austria,2015,18.85776731859494,Austria_2015
50,Austria,2016,17.812976640233504,Austria_2016
51,Austria,2017,17.58634934991682,Austria_2017
52,Azerbaijan,2014,83.75294669691091,Azerbaijan_2014
53,Azerbaijan,2015,83.30039503349123,Azerbaijan_2015
54,Azerbaijan,2016,80.71655579438709,Azerbaijan_2016
55,Azerbaijan,2017,80.19455281619848,Azerbaijan_2017
56,Bahamas,2014,33.078734748727385,Bahamas_2014
57,Bahamas,2015,33.59640013854071,Bahamas_2015
58,Bahamas,2016,32.50757343550969,Bahamas_2016
59,Bahamas,2017,32.160578275161306,Bahamas_2017
60,Bahrain,2014,64.92148385042249,Bahrain_2014
61,Bahrain,2015,65.48333614556586,Bahrain_2015
62,Bahrain,2016,63.66939420221146,Bahrain_2016
63,Bahrain,2017,62.900449377330354,Bahrain_2017
64,Bangladesh,2014,117.29326346602457,Bangladesh_2014
65,Bangladesh,2015,113.29674354072166,Bangladesh_2015
66,Bangladesh,2016,109.40404314209871,Bangladesh_2016
67,Bangladesh,2017,108.52547816698328,Bangladesh_2017
68,Barbados,2014,35.99840607603857,Barbados_2014
69,Barbados,2015,35.92143363341093,Barbados_2015
70,Barbados,2016,35.18312348566336,Barbados_2016
71,Barbados,2017,35.068161413531136,Barbados_2017
72,Belarus,2014,54.956034876757286,Belarus_2014
73,Belarus,2015,52.68628081874557,Belarus_2015
74,Belarus,2016,50.785542548561324,Belarus_2016
75,Belarus,2017,50.7119499458568,Belarus_2017
76,Belgium,2014,20.193664782882074,Belgium_2014
77,Belgium,2015,20.47646878669515,Belgium_2015
78,Belgium,2016,19.27290855359601,Belgium_2016
79,Belgium,2017,19.127512733372573,Belgium_2017
80,Belize,2014,45.55579527783061,Belize_2014
81,Belize,2015,45.92906629326754,Belize_2015
82,Belize,2016,44.5258787637848,Belize_2016
83,Belize,2017,44.21203868186201,Belize_2017
84,Benin,2014,120.75976564689651,Benin_2014
85,Benin,2015,119.28558873159643,Benin_2015
86,Benin,2016,115.80534192333548,Benin_2016
87,Benin,2017,113.15957555347748,Benin_2017
88,Bermuda,2014,18.97668010062664,Bermuda_2014
89,Bermuda,2015,18.48737080464504,Bermuda_2015
90,Bermuda,2016,17.80109469632257,Bermuda_2016
91,Bermuda,2017,17.643625701259747,Bermuda_2017
92,Bhutan,2014,79.6067539178256,Bhutan_2014
93,Bhutan,2015,77.36572209851677,Bhutan_2015
94,Bhutan,2016,74.5466533290088,Bhutan_2016
95,Bhutan,2017,73.10805518693806,Bhutan_2017
96,Bolivia,2014,59.66622337526416,Bolivia_2014
97,Bolivia,2015,56.756622961081426,Bolivia_2015
98,Bolivia,2016,54.625557593631925,Bolivia_2016
99,Bolivia,2017,53.87507203792895,Bolivia_2017
100,Bosnia and Herzegovina,2014,60.16566452492593,Bosnia and Herzegovina_2014
101,Bosnia and Herzegovina,2015,60.87582209041505,Bosnia and Herzegovina_2015
102,Bosnia and Herzegovina,2016,58.97572422446513,Bosnia and Herzegovina_2016
103,Bosnia and Herzegovina,2017,58.07743401399994,Bosnia and Herzegovina_2017
104,Botswana,2014,76.59289047222316,Botswana_2014
105,Botswana,2015,75.07226868898151,Botswana_2015
106,Botswana,2016,72.00154318039542,Botswana_2016
107,Botswana,2017,69.80400607591162,Botswana_2017
108,Brazil,2014,32.431550097025244,Brazil_2014
109,Brazil,2015,31.516089763325677,Brazil_2015
110,Brazil,2016,30.349578155443645,Brazil_2016
111,Brazil,2017,30.321077184467878,Brazil_2017
112,Brunei,2014,22.342449821492853,Brunei_2014
113,Brunei,2015,23.74965984178257,Brunei_2015
114,Brunei,2016,20.47862532800329,Brunei_2016
115,Brunei,2017,20.300877110426182,Brunei_2017
116,Bulgaria,2014,55.19135623908331,Bulgaria_2014
117,Bulgaria,2015,53.66706844238811,Bulgaria_2015
118,Bulgaria,2016,51.77971020509638,Bulgaria_2016
119,Bulgaria,2017,51.39213644722451,Bulgaria_2017
120,Burkina Faso,2014,138.19702223084195,Burkina Faso_2014
121,Burkina Faso,2015,137.96110169969214,Burkina Faso_2015
122,Burkina Faso,2016,136.00104935851678,Burkina Faso_2016
123,Burkina Faso,2017,133.18266376444095,Burkina Faso_2017
124,Burundi,2014,148.99169160747445,Burundi_2014
125,Burundi,2015,146.90643026980257,Burundi_2015
126,Burundi,2016,144.35628994473126,Burundi_2016
127,Burundi,2017,142.77420767474803,Burundi_2017
128,Cambodia,2014,114.41026890876785,Cambodia_2014
129,Cambodia,2015,111.89318446706793,Cambodia_2015
130,Cambodia,2016,109.48733638993109,Cambodia_2016
131,Cambodia,2017,107.97949761148656,Cambodia_2017
132,Cameroon,2014,123.00749466453344,Cameroon_2014
133,Cameroon,2015,122.50888574883058,Cameroon_2015
134,Cameroon,2016,118.32719509326357,Cameroon_2016
135,Cameroon,2017,113.96151454529944,Cameroon_2017
136,Canada,2014,12.618722382754047,Canada_2014
137,Canada,2015,12.217926497625728,Canada_2015
138,Canada,2016,11.002674780961692,Canada_2016
139,Canada,2017,10.716618413539727,Canada_2017
140,Cape Verde,2014,52.09271220135209,Cape Verde_2014
141,Cape Verde,2015,53.055917852444686,Cape Verde_2015
142,Cape Verde,2016,51.265601321107034,Cape Verde_2016
143,Cape Verde,2017,50.81777755646322,Cape Verde_2017
144,Caribbean,2014,48.02021908068403,Caribbean_2014
145,Caribbean,2015,47.94433864899433,Caribbean_2015
146,Caribbean,2016,47.00157507932333,Caribbean_2016
147,Caribbean,2017,46.42572749368468,Caribbean_2017
148,Central African Republic,2014,206.2333397662377,Central African Republic_2014
149,Central African Republic,2015,205.84828417417637,Central African Republic_2015
150,Central African Republic,2016,202.45767395259784,Central African Republic_2016
151,Central African Republic,2017,199.65099723487427,Central African Republic_2017
152,Central Asia,2014,82.40615341088434,Central Asia_2014
153,Central Asia,2015,82.39223572108011,Central Asia_2015
154,Central Asia,2016,79.42307460992045,Central Asia_2016
155,Central Asia,2017,79.03843943847875,Central Asia_2017
156,Central Europe,2014,41.98893056320322,Central Europe_2014
157,Central Europe,2015,42.34817192071471,Central Europe_2015
158,Central Europe,2016,40.0509999585582,Central Europe_2016
159,Central Europe,2017,39.28609609708024,Central Europe_2017
160,"Central Europe, Eastern Europe, and Central Asia",2014,51.779750055429965,"Central Europe, Eastern Europe, and Central Asia_2014"
161,"Central Europe, Eastern Europe, and Central Asia",2015,52.84763617224818,"Central Europe, Eastern Europe, and Central Asia_2015"
162,"Central Europe, Eastern Europe, and Central Asia",2016,50.304297149170466,"Central Europe, Eastern Europe, and Central Asia_2016"
163,"Central Europe, Eastern Europe, and Central Asia",2017,49.127517457230574,"Central Europe, Eastern Europe, and Central Asia_2017"
164,Central Latin America,2014,40.13302176863589,Central Latin America_2014
165,Central Latin America,2015,39.31786984866817,Central Latin America_2015
166,Central Latin America,2016,38.41413713169229,Central Latin America_2016
167,Central Latin America,2017,38.07513908949221,Central Latin America_2017
168,Central Sub-Saharan Africa,2014,140.45971891142216,Central Sub-Saharan Africa_2014
169,Central Sub-Saharan Africa,2015,137.3240254886962,Central Sub-Saharan Africa_2015
170,Central Sub-Saharan Africa,2016,134.01586880636538,Central Sub-Saharan Africa_2016
171,Central Sub-Saharan Africa,2017,131.59878681392715,Central Sub-Saharan Africa_2017
172,Chad,2014,164.25998885499212,Chad_2014
173,Chad,2015,163.48694801062942,Chad_2015
174,Chad,2016,161.38245257620412,Chad_2016
175,Chad,2017,159.14741095199247,Chad_2017
176,Chile,2014,25.317217059000072,Chile_2014
177,Chile,2015,24.84461527443071,Chile_2015
178,Chile,2016,24.02172262772059,Chile_2016
179,Chile,2017,24.299212977771134,Chile_2017
180,China,2014,78.9903230003452,China_2014
181,China,2015,78.25140892499367,China_2015
182,China,2016,74.70570934957617,China_2016
183,China,2017,72.67678885845345,China_2017
184,Colombia,2014,23.881846794620728,Colombia_2014
185,Colombia,2015,23.238309577371393,Colombia_2015
186,Colombia,2016,22.415220772082826,Colombia_2016
187,Colombia,2017,22.096239221840897,Colombia_2017
188,Comoros,2014,99.91590406848768,Comoros_2014
189,Comoros,2015,97.48803149016649,Comoros_2015
190,Comoros,2016,95.45839928685992,Comoros_2016
191,Comoros,2017,93.98944768869382,Comoros_2017
192,Congo,2014,119.5758292412294,Congo_2014
193,Congo,2015,118.00178344748221,Congo_2015
194,Congo,2016,114.19805232623864,Congo_2016
195,Congo,2017,113.00518030689967,Congo_2017
196,Costa Rica,2014,20.29775859773952,Costa Rica_2014
197,Costa Rica,2015,20.619265411101,Costa Rica_2015
198,Costa Rica,2016,21.090576957894672,Costa Rica_2016
199,Costa Rica,2017,21.21308224391965,Costa Rica_2017
200,Cote d'Ivoire,2014,129.41059134858878,Cote d'Ivoire_2014
201,Cote d'Ivoire,2015,127.60537718702524,Cote d'Ivoire_2015
202,Cote d'Ivoire,2016,123.02454755770037,Cote d'Ivoire_2016
203,Cote d'Ivoire,2017,118.8365593679245,Cote d'Ivoire_2017
204,Croatia,2014,36.09441955332218,Croatia_2014
205,Croatia,2015,37.53962033602016,Croatia_2015
206,Croatia,2016,34.23502573085698,Croatia_2016
207,Croatia,2017,33.552074585083204,Croatia_2017
208,Cuba,2014,33.28892356329068,Cuba_2014
209,Cuba,2015,33.88404053460197,Cuba_2015
210,Cuba,2016,32.949714540203736,Cuba_2016
211,Cuba,2017,32.46048101808931,Cuba_2017
212,Cyprus,2014,27.65958341388981,Cyprus_2014
213,Cyprus,2015,27.608607695444388,Cyprus_2015
214,Cyprus,2016,25.961714680562192,Cyprus_2016
215,Cyprus,2017,25.95910461328527,Cyprus_2017
216,Czechia,2014,32.26503336719154,Czechia_2014
217,Czechia,2015,32.41577614263114,Czechia_2015
218,Czechia,2016,30.791526739212106,Czechia_2016
219,Czechia,2017,30.159923281693157,Czechia_2017
220,Democratic Republic of Congo,2014,151.78042240404605,Democratic Republic of Congo_2014
221,Democratic Republic of Congo,2015,148.44210172749692,Democratic Republic of Congo_2015
222,Democratic Republic of Congo,2016,145.19971156704574,Democratic Republic of Congo_2016
223,Democratic Republic of Congo,2017,142.68032992575937,Democratic Republic of Congo_2017
224,Denmark,2014,20.665882663638488,Denmark_2014
225,Denmark,2015,19.891194178420136,Denmark_2015
226,Denmark,2016,19.31916137636146,Denmark_2016
227,Denmark,2017,19.324887260097906,Denmark_2017
228,Djibouti,2014,83.41619402173275,Djibouti_2014
229,Djibouti,2015,83.49410648928294,Djibouti_2015
230,Djibouti,2016,82.4769523955055,Djibouti_2016
231,Djibouti,2017,80.69632489595126,Djibouti_2017
232,Dominica,2014,38.924702625230985,Dominica_2014
233,Dominica,2015,38.88421399204624,Dominica_2015
234,Dominica,2016,38.23456970186678,Dominica_2016
235,Dominica,2017,37.6752584195648,Dominica_2017
236,Dominican Republic,2014,37.487220022484436,Dominican Republic_2014
237,Dominican Republic,2015,38.94723638367552,Dominican Republic_2015
238,Dominican Republic,2016,37.686763633898266,Dominican Republic_2016
239,Dominican Republic,2017,36.972745164901454,Dominican Republic_2017
240,East Asia,2014,79.07662133044289,East Asia_2014
241,East Asia,2015,78.32763846670636,East Asia_2015
242,East Asia,2016,74.83217256928376,East Asia_2016
243,East Asia,2017,72.824140571331,East Asia_2017
244,Eastern Europe,2014,49.998583726284274,Eastern Europe_2014
245,Eastern Europe,2015,51.76034686014344,Eastern Europe_2015
246,Eastern Europe,2016,49.225889299920226,Eastern Europe_2016
247,Eastern Europe,2017,47.54567793618824,Eastern Europe_2017
248,Eastern Sub-Saharan Africa,2014,111.97879701887493,Eastern Sub-Saharan Africa_2014
249,Eastern Sub-Saharan Africa,2015,109.63781931105743,Eastern Sub-Saharan Africa_2015
250,Eastern Sub-Saharan Africa,2016,107.15053254478441,Eastern Sub-Saharan Africa_2016
251,Eastern Sub-Saharan Africa,2017,105.19513510973374,Eastern Sub-Saharan Africa_2017
252,Ecuador,2014,29.05272340252255,Ecuador_2014
253,Ecuador,2015,28.041828651523147,Ecuador_2015
254,Ecuador,2016,27.55363736770889,Ecuador_2016
255,Ecuador,2017,27.13524291004855,Ecuador_2017
256,Egypt,2014,109.49536863461071,Egypt_2014
257,Egypt,2015,115.05149631002712,Egypt_2015
258,Egypt,2016,114.1088910539082,Egypt_2016
259,Egypt,2017,113.35551184504844,Egypt_2017
260,El Salvador,2014,49.70302862768477,El Salvador_2014
261,El Salvador,2015,48.85354960907514,El Salvador_2015
262,El Salvador,2016,47.00602627460335,El Salvador_2016
263,El Salvador,2017,45.898198724122935,El Salvador_2017
264,England,2014,18.124257814685205,England_2014
265,England,2015,18.279821954538093,England_2015
266,England,2016,17.99348693223695,England_2016
267,England,2017,17.880951040970928,England_2017
268,Equatorial Guinea,2014,80.06169681432344,Equatorial Guinea_2014
269,Equatorial Guinea,2015,80.35685037757213,Equatorial Guinea_2015
270,Equatorial Guinea,2016,79.70653632070733,Equatorial Guinea_2016
271,Equatorial Guinea,2017,78.35860984601827,Equatorial Guinea_2017
272,Eritrea,2014,142.4124624146111,Eritrea_2014
273,Eritrea,2015,141.0294818545139,Eritrea_2015
274,Eritrea,2016,136.95354622893572,Eritrea_2016
275,Eritrea,2017,132.70047430840424,Eritrea_2017
276,Estonia,2014,18.838467523565107,Estonia_2014
277,Estonia,2015,16.53077524854442,Estonia_2015
278,Estonia,2016,15.982268164677274,Estonia_2016
279,Estonia,2017,15.651686870127074,Estonia_2017
280,Eswatini,2014,126.00309781009831,Eswatini_2014
281,Eswatini,2015,118.54146469686536,Eswatini_2015
282,Eswatini,2016,111.55053168793621,Eswatini_2016
283,Eswatini,2017,106.34176901707585,Eswatini_2017
284,Ethiopia,2014,96.4990110648254,Ethiopia_2014
285,Ethiopia,2015,93.57869970805278,Ethiopia_2015
286,Ethiopia,2016,90.64138256531292,Ethiopia_2016
287,Ethiopia,2017,88.82900506191545,Ethiopia_2017
288,Fiji,2014,109.9759493809148,Fiji_2014
289,Fiji,2015,108.36339048789448,Fiji_2015
290,Fiji,2016,103.64606412633276,Fiji_2016
291,Fiji,2017,100.59466782714485,Fiji_2017
292,Finland,2014,9.630076860437587,Finland_2014
293,Finland,2015,8.690690776685539,Finland_2015
294,Finland,2016,8.401696211344321,Finland_2016
295,Finland,2017,8.507491500027184,Finland_2017
296,France,2014,12.712931603864243,France_2014
297,France,2015,12.83499259035394,France_2015
298,France,2016,11.967906775869775,France_2016
299,France,2017,11.81922210905491,France_2017
300,Gabon,2014,74.12893310018273,Gabon_2014
301,Gabon,2015,74.1911688253248,Gabon_2015
302,Gabon,2016,72.87385788499913,Gabon_2016
303,Gabon,2017,72.05364228980268,Gabon_2017
304,Gambia,2014,139.19707681768844,Gambia_2014
305,Gambia,2015,138.24444538643093,Gambia_2015
306,Gambia,2016,135.86485988167829,Gambia_2016
307,Gambia,2017,134.39277064537066,Gambia_2017
308,Georgia,2014,67.58947935757708,Georgia_2014
309,Georgia,2015,69.46115289261455,Georgia_2015
310,Georgia,2016,70.0353734834092,Georgia_2016
311,Georgia,2017,70.51192620351799,Georgia_2017
312,Germany,2014,19.823402385754886,Germany_2014
313,Germany,2015,20.47622376669419,Germany_2015
314,Germany,2016,20.104022575465148,Germany_2016
315,Germany,2017,19.828264775322808,Germany_2017
316,Ghana,2014,110.73096213684073,Ghana_2014
317,Ghana,2015,111.13618841928104,Ghana_2015
318,Ghana,2016,109.08762408781466,Ghana_2016
319,Ghana,2017,105.43693391989392,Ghana_2017
320,Greece,2014,26.638396465341398,Greece_2014
321,Greece,2015,26.90073306027663,Greece_2015
322,Greece,2016,25.78565659990388,Greece_2016
323,Greece,2017,25.723662678277613,Greece_2017
324,Greenland,2014,35.1723596882144,Greenland_2014
325,Greenland,2015,34.14105105614916,Greenland_2015
326,Greenland,2016,33.07838492544657,Greenland_2016
327,Greenland,2017,32.67641334760562,Greenland_2017
328,Grenada,2014,51.349179793669435,Grenada_2014
329,Grenada,2015,51.09059737729425,Grenada_2015
330,Grenada,2016,49.95005972638061,Grenada_2016
331,Grenada,2017,49.212166633253155,Grenada_2017
332,Guam,2014,43.75371435079417,Guam_2014
333,Guam,2015,45.34053853577343,Guam_2015
334,Guam,2016,44.09865633161295,Guam_2016
335,Guam,2017,44.24053103355215,Guam_2017
336,Guatemala,2014,68.55376181209553,Guatemala_2014
337,Guatemala,2015,66.88970301693914,Guatemala_2015
338,Guatemala,2016,66.82009808023248,Guatemala_2016
339,Guatemala,2017,65.9790002603592,Guatemala_2017
340,Guinea,2014,169.5965080303224,Guinea_2014
341,Guinea,2015,167.47244781668357,Guinea_2015
342,Guinea,2016,163.76973083973343,Guinea_2016
343,Guinea,2017,160.5037717890735,Guinea_2017
344,Guinea-Bissau,2014,172.32956157714352,Guinea-Bissau_2014
345,Guinea-Bissau,2015,169.55649820090062,Guinea-Bissau_2015
346,Guinea-Bissau,2016,165.77766923995708,Guinea-Bissau_2016
347,Guinea-Bissau,2017,161.79803398722711,Guinea-Bissau_2017
348,Guyana,2014,68.3951390003453,Guyana_2014
349,Guyana,2015,67.03376628559126,Guyana_2015
350,Guyana,2016,64.37554609424143,Guyana_2016
351,Guyana,2017,63.13106941124375,Guyana_2017
352,Haiti,2014,128.4707372594211,Haiti_2014
353,Haiti,2015,125.84507428282149,Haiti_2015
354,Haiti,2016,123.58597646625549,Haiti_2016
355,Haiti,2017,121.36381010549023,Haiti_2017
356,High SDI,2014,19.06463105714895,High SDI_2014
357,High SDI,2015,19.052663948589245,High SDI_2015
358,High SDI,2016,18.07876294879164,High SDI_2016
359,High SDI,2017,17.988732880835407,High SDI_2017
360,High-income,2014,17.65772314075177,High-income_2014
361,High-income,2015,17.621750375548046,High-income_2015
362,High-income,2016,16.710517229920615,High-income_2016
363,High-income,2017,16.639596433961678,High-income_2017
364,High-income Asia Pacific,2014,14.062515362976784,High-income Asia Pacific_2014
365,High-income Asia Pacific,2015,13.816336897656367,High-income Asia Pacific_2015
366,High-income Asia Pacific,2016,13.054601370104205,High-income Asia Pacific_2016
367,High-income Asia Pacific,2017,13.096471000252617,High-income Asia Pacific_2017
368,High-middle SDI,2014,57.41298333669872,High-middle SDI_2014
369,High-middle SDI,2015,57.9043245513646,High-middle SDI_2015
370,High-middle SDI,2016,55.41358886625825,High-middle SDI_2016
371,High-middle SDI,2017,54.03831318722378,High-middle SDI_2017
372,Honduras,2014,55.166058735514405,Honduras_2014
373,Honduras,2015,53.99513407823071,Honduras_2015
374,Honduras,2016,52.50476516518074,Honduras_2016
375,Honduras,2017,51.35947878557494,Honduras_2017
376,Hungary,2014,42.30314040345,Hungary_2014
377,Hungary,2015,44.67685559125079,Hungary_2015
378,Hungary,2016,40.536797435245425,Hungary_2016
379,Hungary,2017,39.20837155126985,Hungary_2017
380,Iceland,2014,10.772671640674943,Iceland_2014
381,Iceland,2015,10.742414880948346,Iceland_2015
382,Iceland,2016,9.917058291079096,Iceland_2016
383,Iceland,2017,9.946781471307624,Iceland_2017
384,India,2014,137.59781490085078,India_2014
385,India,2015,136.35334016377357,India_2015
386,India,2016,134.6439383710875,India_2016
387,India,2017,131.99401859860856,India_2017
388,Indonesia,2014,70.36964745948211,Indonesia_2014
389,Indonesia,2015,69.32689892147683,Indonesia_2015
390,Indonesia,2016,67.61282231490594,Indonesia_2016
391,Indonesia,2017,66.18593254774466,Indonesia_2017
392,Iran,2014,46.446435621993686,Iran_2014
393,Iran,2015,47.209841658733566,Iran_2015
394,Iran,2016,46.640540193110674,Iran_2016
395,Iran,2017,46.15391906991914,Iran_2017
396,Iraq,2014,48.469716111397524,Iraq_2014
397,Iraq,2015,46.306574095978576,Iraq_2015
398,Iraq,2016,43.944802212490565,Iraq_2016
399,Iraq,2017,42.67741933508978,Iraq_2017
400,Ireland,2014,16.066805047254295,Ireland_2014
401,Ireland,2015,15.683316610073762,Ireland_2015
402,Ireland,2016,14.82763004157547,Ireland_2016
403,Ireland,2017,14.667470964625554,Ireland_2017
404,Israel,2014,22.54114061792513,Israel_2014
405,Israel,2015,22.84496127665537,Israel_2015
406,Israel,2016,21.32263986146952,Israel_2016
407,Israel,2017,21.257973557981305,Israel_2017
408,Italy,2014,18.11464325753468,Italy_2014
409,Italy,2015,18.545884601295548,Italy_2015
410,Italy,2016,17.030851166842936,Italy_2016
411,Italy,2017,16.75889407644987,Italy_2017
412,Jamaica,2014,41.82796676780997,Jamaica_2014
413,Jamaica,2015,41.81069446917363,Jamaica_2015
414,Jamaica,2016,42.42710728919807,Jamaica_2016
415,Jamaica,2017,41.8900571294336,Jamaica_2017
416,Japan,2014,12.274874377988185,Japan_2014
417,Japan,2015,11.94683959182897,Japan_2015
418,Japan,2016,11.340931868004894,Japan_2016
419,Japan,2017,11.386092450350931,Japan_2017
420,Jordan,2014,40.914476797298256,Jordan_2014
421,Jordan,2015,40.38387786693111,Jordan_2015
422,Jordan,2016,39.66897989292402,Jordan_2016
423,Jordan,2017,39.448354037738994,Jordan_2017
424,Kazakhstan,2014,56.026431863129865,Kazakhstan_2014
425,Kazakhstan,2015,55.32692369347354,Kazakhstan_2015
426,Kazakhstan,2016,52.639266403361646,Kazakhstan_2016
427,Kazakhstan,2017,52.1217876019913,Kazakhstan_2017
428,Kenya,2014,96.57409398204562,Kenya_2014
429,Kenya,2015,93.8247168374832,Kenya_2015
430,Kenya,2016,92.0458512189266,Kenya_2016
431,Kenya,2017,90.3458197679713,Kenya_2017
432,Kiribati,2014,162.07833739854573,Kiribati_2014
433,Kiribati,2015,159.69672479623244,Kiribati_2015
434,Kiribati,2016,156.12519549052615,Kiribati_2016
435,Kiribati,2017,153.74024119230128,Kiribati_2017
436,Kuwait,2014,34.84297330733431,Kuwait_2014
437,Kuwait,2015,35.89668303521747,Kuwait_2015
438,Kuwait,2016,34.873159689520804,Kuwait_2016
439,Kuwait,2017,34.78580059858391,Kuwait_2017
440,Kyrgyzstan,2014,79.6625764658843,Kyrgyzstan_2014
441,Kyrgyzstan,2015,76.46804996729315,Kyrgyzstan_2015
442,Kyrgyzstan,2016,71.61924985076612,Kyrgyzstan_2016
443,Kyrgyzstan,2017,70.16414517149336,Kyrgyzstan_2017
444,Laos,2014,132.52010794938835,Laos_2014
445,Laos,2015,127.48326780392195,Laos_2015
446,Laos,2016,123.18773306375144,Laos_2016
447,Laos,2017,119.68570827941512,Laos_2017
448,Latin America and Caribbean,2014,37.53819350727315,Latin America and Caribbean_2014
449,Latin America and Caribbean,2015,36.617083932804064,Latin America and Caribbean_2015
450,Latin America and Caribbean,2016,35.575674051377845,Latin America and Caribbean_2016
451,Latin America and Caribbean,2017,35.29692721601916,Latin America and Caribbean_2017
452,Latvia,2014,37.7468895587788,Latvia_2014
453,Latvia,2015,35.639117962199386,Latvia_2015
454,Latvia,2016,34.83343819832083,Latvia_2016
455,Latvia,2017,34.257109383318465,Latvia_2017
456,Lebanon,2014,50.60696790191387,Lebanon_2014
457,Lebanon,2015,50.70891730403722,Lebanon_2015
458,Lebanon,2016,49.96460711016384,Lebanon_2016
459,Lebanon,2017,49.84311847644707,Lebanon_2017
460,Lesotho,2014,172.31041952760688,Lesotho_2014
461,Lesotho,2015,167.59947237811772,Lesotho_2015
462,Lesotho,2016,159.1263815537874,Lesotho_2016
463,Lesotho,2017,151.950853259576,Lesotho_2017
464,Liberia,2014,119.13665247416245,Liberia_2014
465,Liberia,2015,117.01244804814185,Liberia_2015
466,Liberia,2016,115.22724906603914,Liberia_2016
467,Liberia,2017,113.1579595811448,Liberia_2017
468,Libya,2014,69.70909529162843,Libya_2014
469,Libya,2015,70.5702903879157,Libya_2015
470,Libya,2016,71.88861516355894,Libya_2016
471,Libya,2017,72.78869191749322,Libya_2017
472,Lithuania,2014,35.11186187984981,Lithuania_2014
473,Lithuania,2015,34.738008760660385,Lithuania_2015
474,Lithuania,2016,33.548517631413205,Lithuania_2016
475,Lithuania,2017,33.17304660318631,Lithuania_2017
476,Low SDI,2014,152.46981573394365,Low SDI_2014
477,Low SDI,2015,152.12638601554184,Low SDI_2015
478,Low SDI,2016,150.01117853478746,Low SDI_2016
479,Low SDI,2017,147.31583520091914,Low SDI_2017
480,Low-middle SDI,2014,112.89676902267857,Low-middle SDI_2014
481,Low-middle SDI,2015,111.13277125037102,Low-middle SDI_2015
482,Low-middle SDI,2016,108.95069190124828,Low-middle SDI_2016
483,Low-middle SDI,2017,106.85366230256321,Low-middle SDI_2017
484,Luxembourg,2014,17.087774401792032,Luxembourg_2014
485,Luxembourg,2015,17.058514959679762,Luxembourg_2015
486,Luxembourg,2016,16.093345469940886,Luxembourg_2016
487,Luxembourg,2017,15.97749926375693,Luxembourg_2017
488,Madagascar,2014,162.72191470148556,Madagascar_2014
489,Madagascar,2015,160.58744343674624,Madagascar_2015
490,Madagascar,2016,157.4418969769692,Madagascar_2016
491,Madagascar,2017,155.06950760658387,Madagascar_2017
492,Malawi,2014,111.0907166739427,Malawi_2014
493,Malawi,2015,108.99976866093166,Malawi_2015
494,Malawi,2016,106.87315775443705,Malawi_2016
495,Malawi,2017,104.93508417351862,Malawi_2017
496,Malaysia,2014,51.38007566729061,Malaysia_2014
497,Malaysia,2015,52.55961698389653,Malaysia_2015
498,Malaysia,2016,49.77763583288413,Malaysia_2016
499,Malaysia,2017,50.44055047327774,Malaysia_2017
500,Maldives,2014,26.00245538493993,Maldives_2014
501,Maldives,2015,24.598832920852896,Maldives_2015
502,Maldives,2016,22.12595792113816,Maldives_2016
503,Maldives,2017,21.43409424046895,Maldives_2017
504,Mali,2014,107.70297031554612,Mali_2014
505,Mali,2015,107.98204574874792,Mali_2015
506,Mali,2016,108.83493982493552,Mali_2016
507,Mali,2017,107.07540576931817,Mali_2017
508,Malta,2014,23.174795412467024,Malta_2014
509,Malta,2015,23.49562395794774,Malta_2015
510,Malta,2016,23.36082766367033,Malta_2016
511,Malta,2017,23.624933392767463,Malta_2017
512,Marshall Islands,2014,102.43851903077093,Marshall Islands_2014
513,Marshall Islands,2015,100.30413356973897,Marshall Islands_2015
514,Marshall Islands,2016,94.94876206134676,Marshall Islands_2016
515,Marshall Islands,2017,93.04476503315009,Marshall Islands_2017
516,Mauritania,2014,87.95655652894408,Mauritania_2014
517,Mauritania,2015,87.4527028033656,Mauritania_2015
518,Mauritania,2016,85.21598960469369,Mauritania_2016
519,Mauritania,2017,83.84267118415103,Mauritania_2017
520,Mauritius,2014,51.81524171613411,Mauritius_2014
521,Mauritius,2015,49.70206151805778,Mauritius_2015
522,Mauritius,2016,49.170485871082036,Mauritius_2016
523,Mauritius,2017,48.68229856910008,Mauritius_2017
524,Mexico,2014,45.954108196386,Mexico_2014
525,Mexico,2015,45.134731459213725,Mexico_2015
526,Mexico,2016,44.73708440571189,Mexico_2016
527,Mexico,2017,44.40708421938613,Mexico_2017
528,Micronesia (country),2014,94.01580460137916,Micronesia (country)_2014
529,Micronesia (country),2015,92.92237475831749,Micronesia (country)_2015
530,Micronesia (country),2016,91.234159044625,Micronesia (country)_2016
531,Micronesia (country),2017,90.16464757813236,Micronesia (country)_2017
532,Middle SDI,2014,72.8875897613342,Middle SDI_2014
533,Middle SDI,2015,71.86240513497219,Middle SDI_2015
534,Middle SDI,2016,69.55199566885183,Middle SDI_2016
535,Middle SDI,2017,68.01393322212499,Middle SDI_2017
536,Moldova,2014,55.52629002832656,Moldova_2014
537,Moldova,2015,55.83901239452469,Moldova_2015
538,Moldova,2016,51.70355218079031,Moldova_2016
539,Moldova,2017,49.8682362169943,Moldova_2017
540,Mongolia,2014,86.28391760104769,Mongolia_2014
541,Mongolia,2015,84.75748553101734,Mongolia_2015
542,Mongolia,2016,81.37902801953524,Mongolia_2016
543,Mongolia,2017,81.61391845496416,Mongolia_2017
544,Montenegro,2014,48.719890034431494,Montenegro_2014
545,Montenegro,2015,49.03554657082575,Montenegro_2015
546,Montenegro,2016,47.8885827551507,Montenegro_2016
547,Montenegro,2017,47.548888338090194,Montenegro_2017
548,Morocco,2014,68.40328845915542,Morocco_2014
549,Morocco,2015,68.38215000284399,Morocco_2015
550,Morocco,2016,68.43200523651471,Morocco_2016
551,Morocco,2017,67.26864667934552,Morocco_2017
552,Mozambique,2014,136.46011731058098,Mozambique_2014
553,Mozambique,2015,133.10797205283606,Mozambique_2015
554,Mozambique,2016,129.68669122431265,Mozambique_2016
555,Mozambique,2017,125.85633337307777,Mozambique_2017
556,Myanmar,2014,127.10028943736022,Myanmar_2014
557,Myanmar,2015,123.97154283858762,Myanmar_2015
558,Myanmar,2016,120.86908104969471,Myanmar_2016
559,Myanmar,2017,118.10524630170325,Myanmar_2017
560,Namibia,2014,80.65479010595942,Namibia_2014
561,Namibia,2015,79.43159901737721,Namibia_2015
562,Namibia,2016,77.0966355341758,Namibia_2016
563,Namibia,2017,75.60720741392433,Namibia_2017
564,Nepal,2014,137.5943993815295,Nepal_2014
565,Nepal,2015,136.43224885890365,Nepal_2015
566,Nepal,2016,134.87894132611652,Nepal_2016
567,Nepal,2017,133.26111106641986,Nepal_2017
568,Netherlands,2014,19.093651202428482,Netherlands_2014
569,Netherlands,2015,19.29096156859232,Netherlands_2015
570,Netherlands,2016,18.586539606771527,Netherlands_2016
571,Netherlands,2017,18.61250428075268,Netherlands_2017
572,New Zealand,2014,9.537696604180997,New Zealand_2014
573,New Zealand,2015,9.376395319558684,New Zealand_2015
574,New Zealand,2016,8.646934412209875,New Zealand_2016
575,New Zealand,2017,8.598756880012333,New Zealand_2017
576,Nicaragua,2014,39.98255408281853,Nicaragua_2014
577,Nicaragua,2015,36.98517210304468,Nicaragua_2015
578,Nicaragua,2016,34.779565052087825,Nicaragua_2016
579,Nicaragua,2017,33.43893638008532,Nicaragua_2017
580,Niger,2014,140.70948900818163,Niger_2014
581,Niger,2015,140.946489690758,Niger_2015
582,Niger,2016,140.36924844024114,Niger_2016
583,Niger,2017,138.46776300076368,Niger_2017
584,Nigeria,2014,81.24824723283473,Nigeria_2014
585,Nigeria,2015,83.63084398958392,Nigeria_2015
586,Nigeria,2016,82.90048546151318,Nigeria_2016
587,Nigeria,2017,81.22147297940873,Nigeria_2017
588,North Africa and Middle East,2014,68.17358354708361,North Africa and Middle East_2014
589,North Africa and Middle East,2015,68.70389836691379,North Africa and Middle East_2015
590,North Africa and Middle East,2016,67.2473166969191,North Africa and Middle East_2016
591,North Africa and Middle East,2017,66.20788699154082,North Africa and Middle East_2017
592,North America,2014,19.441482126705672,North America_2014
593,North America,2015,19.112719199566964,North America_2015
594,North America,2016,17.95643093982378,North America_2016
595,North America,2017,17.940693739755147,North America_2017
596,North Korea,2014,148.3601513464854,North Korea_2014
597,North Korea,2015,146.9762502190843,North Korea_2015
598,North Korea,2016,142.6343619832721,North Korea_2016
599,North Korea,2017,140.43869366376939,North Korea_2017
600,North Macedonia,2014,49.839374105708195,North Macedonia_2014
601,North Macedonia,2015,51.43558681813108,North Macedonia_2015
602,North Macedonia,2016,50.3714707533674,North Macedonia_2016
603,North Macedonia,2017,49.98650948279586,North Macedonia_2017
604,Northern Ireland,2014,17.684826415253468,Northern Ireland_2014
605,Northern Ireland,2015,17.921725474810227,Northern Ireland_2015
606,Northern Ireland,2016,17.011363090126192,Northern Ireland_2016
607,Northern Ireland,2017,16.834393167074893,Northern Ireland_2017
608,Northern Mariana Islands,2014,39.267366478775934,Northern Mariana Islands_2014
609,Northern Mariana Islands,2015,39.30210763667331,Northern Mariana Islands_2015
610,Northern Mariana Islands,2016,38.1201219962145,Northern Mariana Islands_2016
611,Northern Mariana Islands,2017,37.64082826376656,Northern Mariana Islands_2017
612,Norway,2014,12.649250761227536,Norway_2014
613,Norway,2015,11.474984816579196,Norway_2015
614,Norway,2016,10.855094877469542,Norway_2016
615,Norway,2017,10.888941039349435,Norway_2017
616,Oceania,2014,206.21847397892805,Oceania_2014
617,Oceania,2015,203.3002375523792,Oceania_2015
618,Oceania,2016,198.84061349252548,Oceania_2016
619,Oceania,2017,195.86845916320576,Oceania_2017
620,Oman,2014,57.285814652618505,Oman_2014
621,Oman,2015,57.94529968147321,Oman_2015
622,Oman,2016,54.4034240351526,Oman_2016
623,Oman,2017,53.699089258385115,Oman_2017
624,Pakistan,2014,129.91752464914094,Pakistan_2014
625,Pakistan,2015,127.8247895077592,Pakistan_2015
626,Pakistan,2016,125.48330197210501,Pakistan_2016
627,Pakistan,2017,123.21548005051204,Pakistan_2017
628,Palestine,2014,56.748406794914075,Palestine_2014
629,Palestine,2015,55.244883969661636,Palestine_2015
630,Palestine,2016,53.12603928440004,Palestine_2016
631,Palestine,2017,52.55643163367298,Palestine_2017
632,Panama,2014,23.999352300168727,Panama_2014
633,Panama,2015,22.877899195170997,Panama_2015
634,Panama,2016,21.738714512778905,Panama_2016
635,Panama,2017,21.31222937098105,Panama_2017
636,Papua New Guinea,2014,258.8927007988455,Papua New Guinea_2014
637,Papua New Guinea,2015,254.73108350595382,Papua New Guinea_2015
638,Papua New Guinea,2016,249.2745489254629,Papua New Guinea_2016
639,Papua New Guinea,2017,245.29640397227246,Papua New Guinea_2017
640,Paraguay,2014,46.48088546176445,Paraguay_2014
641,Paraguay,2015,45.03825019061416,Paraguay_2015
642,Paraguay,2016,42.81282278873054,Paraguay_2016
643,Paraguay,2017,41.985312112294146,Paraguay_2017
644,Peru,2014,34.524129135694096,Peru_2014
645,Peru,2015,32.108003801286095,Peru_2015
646,Peru,2016,31.01299296205265,Peru_2016
647,Peru,2017,30.14589917238501,Peru_2017
648,Philippines,2014,115.54861379206874,Philippines_2014
649,Philippines,2015,114.28897608304753,Philippines_2015
650,Philippines,2016,109.83731960616348,Philippines_2016
651,Philippines,2017,106.87248335051555,Philippines_2017
652,Poland,2014,36.65099504845928,Poland_2014
653,Poland,2015,37.178234325753095,Poland_2015
654,Poland,2016,35.09465572067202,Poland_2016
655,Poland,2017,34.26669113638126,Poland_2017
656,Portugal,2014,16.66368331317589,Portugal_2014
657,Portugal,2015,16.128803846113826,Portugal_2015
658,Portugal,2016,15.180827886051025,Portugal_2016
659,Portugal,2017,15.491252110396928,Portugal_2017
660,Puerto Rico,2014,17.826842455256546,Puerto Rico_2014
661,Puerto Rico,2015,16.705781909556865,Puerto Rico_2015
662,Puerto Rico,2016,16.515578876099436,Puerto Rico_2016
663,Puerto Rico,2017,16.96289757358247,Puerto Rico_2017
664,Qatar,2014,64.84661732096086,Qatar_2014
665,Qatar,2015,64.72292148053695,Qatar_2015
666,Qatar,2016,62.04042744836082,Qatar_2016
667,Qatar,2017,61.793882945014076,Qatar_2017
668,Romania,2014,42.48943136070724,Romania_2014
669,Romania,2015,42.25767187221825,Romania_2015
670,Romania,2016,40.79870077511529,Romania_2016
671,Romania,2017,40.416006134925496,Romania_2017
672,Russia,2014,46.970719141651365,Russia_2014
673,Russia,2015,46.08005071898089,Russia_2015
674,Russia,2016,43.76386603444571,Russia_2016
675,Russia,2017,42.73102727671297,Russia_2017
676,Rwanda,2014,102.61228368958919,Rwanda_2014
677,Rwanda,2015,100.55949391131584,Rwanda_2015
678,Rwanda,2016,98.49676310613951,Rwanda_2016
679,Rwanda,2017,97.08200323569254,Rwanda_2017
680,Saint Lucia,2014,39.327522875648896,Saint Lucia_2014
681,Saint Lucia,2015,39.72653762192336,Saint Lucia_2015
682,Saint Lucia,2016,38.87219808112542,Saint Lucia_2016
683,Saint Lucia,2017,39.21108794192493,Saint Lucia_2017
684,Saint Vincent and the Grenadines,2014,50.43707927489768,Saint Vincent and the Grenadines_2014
685,Saint Vincent and the Grenadines,2015,50.36007841550021,Saint Vincent and the Grenadines_2015
686,Saint Vincent and the Grenadines,2016,48.96374407654073,Saint Vincent and the Grenadines_2016
687,Saint Vincent and the Grenadines,2017,48.67290215956563,Saint Vincent and the Grenadines_2017
688,Samoa,2014,81.87777586533052,Samoa_2014
689,Samoa,2015,80.41272165838696,Samoa_2015
690,Samoa,2016,78.03129125541855,Samoa_2016
691,Samoa,2017,76.83415607894658,Samoa_2017
692,Sao Tome and Principe,2014,114.77148387755557,Sao Tome and Principe_2014
693,Sao Tome and Principe,2015,112.71338023629393,Sao Tome and Principe_2015
694,Sao Tome and Principe,2016,111.88732449769907,Sao Tome and Principe_2016
695,Sao Tome and Principe,2017,110.08124488937099,Sao Tome and Principe_2017
696,Saudi Arabia,2014,67.8640199052199,Saudi Arabia_2014
697,Saudi Arabia,2015,69.34716062341386,Saudi Arabia_2015
698,Saudi Arabia,2016,65.16091330384386,Saudi Arabia_2016
699,Saudi Arabia,2017,64.07581882776527,Saudi Arabia_2017
700,Scotland,2014,17.43517477259224,Scotland_2014
701,Scotland,2015,17.47829991091806,Scotland_2015
702,Scotland,2016,16.651897585157098,Scotland_2016
703,Scotland,2017,16.506797577099082,Scotland_2017
704,Senegal,2014,107.88120713092891,Senegal_2014
705,Senegal,2015,108.65704997407951,Senegal_2015
706,Senegal,2016,107.07370269649259,Senegal_2016
707,Senegal,2017,106.05521182020522,Senegal_2017
708,Serbia,2014,68.30638923420565,Serbia_2014
709,Serbia,2015,68.17432544424858,Serbia_2015
710,Serbia,2016,63.988774383850966,Serbia_2016
711,Serbia,2017,62.578533482706,Serbia_2017
712,Seychelles,2014,44.40330090927138,Seychelles_2014
713,Seychelles,2015,43.19669307413467,Seychelles_2015
714,Seychelles,2016,43.12389498068841,Seychelles_2016
715,Seychelles,2017,42.32630251704251,Seychelles_2017
716,Sierra Leone,2014,160.12056903982025,Sierra Leone_2014
717,Sierra Leone,2015,156.9118728561813,Sierra Leone_2015
718,Sierra Leone,2016,152.9037149503743,Sierra Leone_2016
719,Sierra Leone,2017,149.5983372031977,Sierra Leone_2017
720,Singapore,2014,20.39496339844702,Singapore_2014
721,Singapore,2015,21.70642760931517,Singapore_2015
722,Singapore,2016,19.932635819194875,Singapore_2016
723,Singapore,2017,19.98012764703665,Singapore_2017
724,Slovakia,2014,37.675384504596146,Slovakia_2014
725,Slovakia,2015,38.51551686307555,Slovakia_2015
726,Slovakia,2016,35.80706769758997,Slovakia_2016
727,Slovakia,2017,35.36190176779609,Slovakia_2017
728,Slovenia,2014,20.326543655819982,Slovenia_2014
729,Slovenia,2015,20.815671247652308,Slovenia_2015
730,Slovenia,2016,19.738110842518985,Slovenia_2016
731,Slovenia,2017,19.72328919282849,Slovenia_2017
732,Solomon Islands,2014,193.9933519502903,Solomon Islands_2014
733,Solomon Islands,2015,192.32125775356738,Solomon Islands_2015
734,Solomon Islands,2016,189.48150085817096,Solomon Islands_2016
735,Solomon Islands,2017,187.2542829404484,Solomon Islands_2017
736,Somalia,2014,174.00270522375217,Somalia_2014
737,Somalia,2015,171.53311536272508,Somalia_2015
738,Somalia,2016,168.2403639230219,Somalia_2016
739,Somalia,2017,165.82858222804225,Somalia_2017
740,South Africa,2014,67.35810955525542,South Africa_2014
741,South Africa,2015,65.6569820093827,South Africa_2015
742,South Africa,2016,63.010183959077814,South Africa_2016
743,South Africa,2017,57.853890015715216,South Africa_2017
744,South Asia,2014,134.92862581226592,South Asia_2014
745,South Asia,2015,133.26788833132156,South Asia_2015
746,South Asia,2016,131.2674076965775,South Asia_2016
747,South Asia,2017,128.80321748006006,South Asia_2017
748,South Korea,2014,23.558437779077245,South Korea_2014
749,South Korea,2015,23.475669015886368,South Korea_2015
750,South Korea,2016,21.88470835276669,South Korea_2016
751,South Korea,2017,21.69790198713537,South Korea_2017
752,South Sudan,2014,160.00156903691578,South Sudan_2014
753,South Sudan,2015,160.89468487415104,South Sudan_2015
754,South Sudan,2016,159.05513266728389,South Sudan_2016
755,South Sudan,2017,156.16546988335233,South Sudan_2017
756,Southeast Asia,2014,72.52190590785426,Southeast Asia_2014
757,Southeast Asia,2015,70.94207136938867,Southeast Asia_2015
758,Southeast Asia,2016,68.52215980122962,Southeast Asia_2016
759,Southeast Asia,2017,66.89490627615808,Southeast Asia_2017
760,"Southeast Asia, East Asia, and Oceania",2014,78.68388036771736,"Southeast Asia, East Asia, and Oceania_2014"
761,"Southeast Asia, East Asia, and Oceania",2015,77.77720552650453,"Southeast Asia, East Asia, and Oceania_2015"
762,"Southeast Asia, East Asia, and Oceania",2016,74.51444725482679,"Southeast Asia, East Asia, and Oceania_2016"
763,"Southeast Asia, East Asia, and Oceania",2017,72.56410760755641,"Southeast Asia, East Asia, and Oceania_2017"
764,Southern Latin America,2014,30.119088651855268,Southern Latin America_2014
765,Southern Latin America,2015,29.935406190532106,Southern Latin America_2015
766,Southern Latin America,2016,28.831655254152466,Southern Latin America_2016
767,Southern Latin America,2017,28.39385663845973,Southern Latin America_2017
768,Southern Sub-Saharan Africa,2014,80.16695962715316,Southern Sub-Saharan Africa_2014
769,Southern Sub-Saharan Africa,2015,77.87242031444102,Southern Sub-Saharan Africa_2015
770,Southern Sub-Saharan Africa,2016,74.84209993404143,Southern Sub-Saharan Africa_2016
771,Southern Sub-Saharan Africa,2017,69.84809263012343,Southern Sub-Saharan Africa_2017
772,Spain,2014,15.315841371893587,Spain_2014
773,Spain,2015,15.979845973086288,Spain_2015
774,Spain,2016,14.776496470057173,Spain_2016
775,Spain,2017,14.481292760208195,Spain_2017
776,Sri Lanka,2014,55.006401708857965,Sri Lanka_2014
777,Sri Lanka,2015,52.5685971205109,Sri Lanka_2015
778,Sri Lanka,2016,43.27222555262106,Sri Lanka_2016
779,Sri Lanka,2017,38.46263658418249,Sri Lanka_2017
780,Sub-Saharan Africa,2014,108.62905101610428,Sub-Saharan Africa_2014
781,Sub-Saharan Africa,2015,107.59496315209684,Sub-Saharan Africa_2015
782,Sub-Saharan Africa,2016,105.32924951642909,Sub-Saharan Africa_2016
783,Sub-Saharan Africa,2017,102.7262742059895,Sub-Saharan Africa_2017
784,Sudan,2014,101.01643093953544,Sudan_2014
785,Sudan,2015,100.55114882257786,Sudan_2015
786,Sudan,2016,97.36845987054285,Sudan_2016
787,Sudan,2017,95.70386241591244,Sudan_2017
788,Suriname,2014,49.21250398720047,Suriname_2014
789,Suriname,2015,50.61099976887567,Suriname_2015
790,Suriname,2016,50.09759588913193,Suriname_2016
791,Suriname,2017,48.714428646444254,Suriname_2017
792,Sweden,2014,11.293667435946707,Sweden_2014
793,Sweden,2015,9.85002662300768,Sweden_2015
794,Sweden,2016,9.280194026324793,Sweden_2016
795,Sweden,2017,9.395303079970224,Sweden_2017
796,Switzerland,2014,13.266524384134796,Switzerland_2014
797,Switzerland,2015,12.91571029469802,Switzerland_2015
798,Switzerland,2016,11.980382637095685,Switzerland_2016
799,Switzerland,2017,11.705171652358954,Switzerland_2017
800,Syria,2014,64.51677691356177,Syria_2014
801,Syria,2015,65.14243341579177,Syria_2015
802,Syria,2016,64.84131305187739,Syria_2016
803,Syria,2017,64.22641351172672,Syria_2017
804,Taiwan,2014,34.58562917581152,Taiwan_2014
805,Taiwan,2015,33.33393615747206,Taiwan_2015
806,Taiwan,2016,32.79977620851469,Taiwan_2016
807,Taiwan,2017,32.74411355504219,Taiwan_2017
808,Tajikistan,2014,95.20748973095242,Tajikistan_2014
809,Tajikistan,2015,95.99474021880108,Tajikistan_2015
810,Tajikistan,2016,94.42678374640043,Tajikistan_2016
811,Tajikistan,2017,94.29643742673285,Tajikistan_2017
812,Tanzania,2014,99.94188394267523,Tanzania_2014
813,Tanzania,2015,99.1478463639308,Tanzania_2015
814,Tanzania,2016,97.66813763170951,Tanzania_2016
815,Tanzania,2017,96.53732288410471,Tanzania_2017
816,Thailand,2014,34.651110511176164,Thailand_2014
817,Thailand,2015,33.328411186053536,Thailand_2015
818,Thailand,2016,33.060405561149175,Thailand_2016
819,Thailand,2017,32.81342263200955,Thailand_2017
820,Timor,2014,99.05331238221386,Timor_2014
821,Timor,2015,98.66891364909357,Timor_2015
822,Timor,2016,98.08025266153099,Timor_2016
823,Timor,2017,97.66245515616586,Timor_2017
824,Togo,2014,123.023475602012,Togo_2014
825,Togo,2015,121.15306760818936,Togo_2015
826,Togo,2016,118.15604542335686,Togo_2016
827,Togo,2017,115.22943381323178,Togo_2017
828,Tonga,2014,76.9873606129996,Tonga_2014
829,Tonga,2015,74.71951606653327,Tonga_2015
830,Tonga,2016,72.44547195864548,Tonga_2016
831,Tonga,2017,70.72940437136224,Tonga_2017
832,Trinidad and Tobago,2014,50.64731631838654,Trinidad and Tobago_2014
833,Trinidad and Tobago,2015,50.630311852194936,Trinidad and Tobago_2015
834,Trinidad and Tobago,2016,51.57747791657147,Trinidad and Tobago_2016
835,Trinidad and Tobago,2017,51.80870490947064,Trinidad and Tobago_2017
836,Tropical Latin America,2014,32.75070395471168,Tropical Latin America_2014
837,Tropical Latin America,2015,31.81900681520371,Tropical Latin America_2015
838,Tropical Latin America,2016,30.627383079304234,Tropical Latin America_2016
839,Tropical Latin America,2017,30.580407020355448,Tropical Latin America_2017
840,Tunisia,2014,51.66297828977153,Tunisia_2014
841,Tunisia,2015,51.9042575219606,Tunisia_2015
842,Tunisia,2016,52.41809756603313,Tunisia_2016
843,Tunisia,2017,51.61341349528811,Tunisia_2017
844,Turkey,2014,50.09158673768747,Turkey_2014
845,Turkey,2015,49.71332455002552,Turkey_2015
846,Turkey,2016,47.881273224413576,Turkey_2016
847,Turkey,2017,46.77557879410171,Turkey_2017
848,Turkmenistan,2014,68.74162758428793,Turkmenistan_2014
849,Turkmenistan,2015,69.73456130690366,Turkmenistan_2015
850,Turkmenistan,2016,67.35602462417552,Turkmenistan_2016
851,Turkmenistan,2017,67.29758185900461,Turkmenistan_2017
852,Uganda,2014,100.77013137146588,Uganda_2014
853,Uganda,2015,97.84641549363741,Uganda_2015
854,Uganda,2016,95.53886793707909,Uganda_2016
855,Uganda,2017,93.71754318661085,Uganda_2017
856,Ukraine,2014,59.915771148034295,Ukraine_2014
857,Ukraine,2015,71.01454378817381,Ukraine_2015
858,Ukraine,2016,67.76833734551823,Ukraine_2016
859,Ukraine,2017,63.88562435228056,Ukraine_2017
860,United Arab Emirates,2014,77.61187752931701,United Arab Emirates_2014
861,United Arab Emirates,2015,79.41727038350533,United Arab Emirates_2015
862,United Arab Emirates,2016,78.10633233546515,United Arab Emirates_2016
863,United Arab Emirates,2017,77.84550799288915,United Arab Emirates_2017
864,United Kingdom,2014,18.0844111995192,United Kingdom_2014
865,United Kingdom,2015,18.243927244783627,United Kingdom_2015
866,United Kingdom,2016,17.891337338637193,United Kingdom_2016
867,United Kingdom,2017,17.783700150135274,United Kingdom_2017
868,United States,2014,20.27039185474096,United States_2014
869,United States,2015,19.951714789527134,United States_2015
870,United States,2016,18.805666182240934,United States_2016
871,United States,2017,18.825145673515728,United States_2017
872,United States Virgin Islands,2014,30.70451331174897,United States Virgin Islands_2014
873,United States Virgin Islands,2015,31.032570955992078,United States Virgin Islands_2015
874,United States Virgin Islands,2016,29.458616991777237,United States Virgin Islands_2016
875,United States Virgin Islands,2017,29.74854604075168,United States Virgin Islands_2017
876,Uruguay,2014,21.222998617361018,Uruguay_2014
877,Uruguay,2015,20.831837555228287,Uruguay_2015
878,Uruguay,2016,20.22684297887188,Uruguay_2016
879,Uruguay,2017,20.40197470479781,Uruguay_2017
880,Uzbekistan,2014,111.17850914807327,Uzbekistan_2014
881,Uzbekistan,2015,111.07197690304352,Uzbekistan_2015
882,Uzbekistan,2016,105.8142264331703,Uzbekistan_2016
883,Uzbekistan,2017,105.08692417951728,Uzbekistan_2017
884,Vanuatu,2014,144.15029222865266,Vanuatu_2014
885,Vanuatu,2015,142.76234907967017,Vanuatu_2015
886,Vanuatu,2016,141.00514566375034,Vanuatu_2016
887,Vanuatu,2017,139.65072868617005,Vanuatu_2017
888,Venezuela,2014,37.67075943725191,Venezuela_2014
889,Venezuela,2015,37.42538625268017,Venezuela_2015
890,Venezuela,2016,34.43032898830273,Venezuela_2016
891,Venezuela,2017,34.74692209399745,Venezuela_2017
892,Vietnam,2014,65.01125496073307,Vietnam_2014
893,Vietnam,2015,63.13581276345462,Vietnam_2015
894,Vietnam,2016,61.4730485097585,Vietnam_2016
895,Vietnam,2017,60.31753329796778,Vietnam_2017
896,Wales,2014,18.497476072847746,Wales_2014
897,Wales,2015,18.856808013785127,Wales_2015
898,Wales,2016,18.505087253070048,Wales_2016
899,Wales,2017,18.597231699006244,Wales_2017
900,Western Europe,2014,17.3053052622458,Western Europe_2014
901,Western Europe,2015,17.560469484884926,Western Europe_2015
902,Western Europe,2016,16.723282641914587,Western Europe_2016
903,Western Europe,2017,16.55536412740375,Western Europe_2017
904,Western Sub-Saharan Africa,2014,106.26331285259536,Western Sub-Saharan Africa_2014
905,Western Sub-Saharan Africa,2015,107.14618037799328,Western Sub-Saharan Africa_2015
906,Western Sub-Saharan Africa,2016,105.55737706133492,Western Sub-Saharan Africa_2016
907,Western Sub-Saharan Africa,2017,103.24159569777257,Western Sub-Saharan Africa_2017
908,World,2014,67.38420426589634,World_2014
909,World,2015,67.0815026475787,World_2015
910,World,2016,65.15078460284298,World_2016
911,World,2017,63.82296559636068,World_2017
912,Yemen,2014,97.90255663161884,Yemen_2014
913,Yemen,2015,99.42398859303593,Yemen_2015
914,Yemen,2016,97.02468238057207,Yemen_2016
915,Yemen,2017,96.50135104729178,Yemen_2017
916,Zambia,2014,104.462125253982,Zambia_2014
917,Zambia,2015,102.51662641462543,Zambia_2015
918,Zambia,2016,100.56647404686701,Zambia_2016
919,Zambia,2017,98.86996277703714,Zambia_2017
920,Zimbabwe,2014,138.20053628648182,Zimbabwe_2014
921,Zimbabwe,2015,132.75255320876386,Zimbabwe_2015
922,Zimbabwe,2016,128.69213767523416,Zimbabwe_2016
923,Zimbabwe,2017,125.02884259285015,Zimbabwe_2017
