ID,Entity,Code,Year,Deaths - Air pollution - Sex: Both - Age: Age-standardized (Rate),Deaths - Household air pollution from solid fuels - Sex: Both - Age: Age-standardized (Rate),Deaths - Ambient particulate matter pollution - Sex: Both - Age: Age-standardized (Rate),Deaths - Ambient ozone pollution - Sex: Both - Age: Age-standardized (Rate)
0,Afghanistan,AFG,2014,195.43695820699546,147.1349129005796,45.193898229354744,5.768401178654367
1,Afghanistan,AFG,2015,191.8011189732795,141.35423764545519,47.33453691439793,5.746081720030607
2,Afghanistan,AFG,2016,186.6689494361705,138.66354327991698,44.826195527739905,5.779466384689679
3,Afghanistan,AFG,2017,183.9413870541869,134.99375306870488,45.73766239317673,5.8106248922515045
4,Albania,ALB,2014,42.522621715025295,20.001950905835034,21.170528313536984,1.8044724995814896
5,Albania,ALB,2015,42.299772755674304,19.163115680372144,21.786088611296293,1.8061649785696388
6,Albania,ALB,2016,41.01878796343353,18.846584518538027,20.81066376804032,1.8055482075424607
7,Albania,ALB,2017,40.48112424828898,18.28075416622444,20.837392786000887,1.8038835186186992
8,Algeria,DZA,2014,44.78195599010069,0.3113011040937604,42.91241271192846,2.0899508100725828
9,Algeria,DZA,2015,44.36252396309364,0.2676574003755674,42.547814229042295,2.076489100658935
10,Algeria,DZA,2016,44.539093702576466,0.2181295663495411,42.80303697282776,2.0588610250304225
11,Algeria,DZA,2017,43.683511726160276,0.1917665033763003,41.97623322800336,2.0520635362606092
12,American Samoa,ASM,2014,61.36924322738732,22.197639514602198,39.17049136709856,0.0014168572935606162
13,American Samoa,ASM,2015,60.79599083924141,21.568465661702138,39.2264299015515,0.0013912358087520536
14,American Samoa,ASM,2016,59.26105941999234,20.976686241618648,38.28327930700606,0.0013838881654813222
15,American Samoa,ASM,2017,58.939485366249436,20.317797218429643,38.62055627532837,0.0014346329923629335
16,Andean Latin America,,2014,36.71909802616182,12.854512507803358,23.238376586292,0.8346259577483706
17,Andean Latin America,,2015,34.601461429526005,11.971974483263983,22.00957325583526,0.8178948132186254
18,Andean Latin America,,2016,33.50749881289078,11.240373422279507,21.652371419603963,0.8049204580075519
19,Andean Latin America,,2017,32.77592701400283,10.689057808465996,21.471817194761293,0.8024045393417911
20,Andorra,AND,2014,16.3154728723639,0.17998909298695467,13.831995897780118,2.710922677800341
21,Andorra,AND,2015,16.652145832769765,0.17168795776875054,14.199624990226841,2.7010873473440804
22,Andorra,AND,2016,15.606827403240604,0.1711236193285143,13.117336852787625,2.7101574305986253
23,Andorra,AND,2017,15.569478463523977,0.1656641621247401,13.088531020331327,2.7089442774263026
24,Angola,AGO,2014,103.29178466924536,70.24565928806864,29.637775860275728,5.345321873321544
25,Angola,AGO,2015,100.23948013351288,67.09831767067816,29.79255388595292,5.2168575629691265
26,Angola,AGO,2016,97.12452930796341,64.41206603232405,29.404733213432692,5.111732246429416
27,Angola,AGO,2017,95.21990919773063,62.19905798803511,29.75929262341452,5.029588393624834
28,Antigua and Barbuda,ATG,2014,34.13568665051038,1.6832299026188893,32.44848328419957,0.0049907261399439705
29,Antigua and Barbuda,ATG,2015,33.586019618893424,1.569812734860938,32.01027160612505,0.007442266220331853
30,Antigua and Barbuda,ATG,2016,32.52075794643337,1.5260401558691143,30.986836824855214,0.009857965181661812
31,Antigua and Barbuda,ATG,2017,32.35337087889398,1.4355939832240077,30.907780657688285,0.012518973320899388
32,Argentina,ARG,2014,33.11331247780929,2.8177547512536663,29.00046195588517,1.566624348099756
33,Argentina,ARG,2015,33.08692384629538,2.5769680290382184,29.159094224989484,1.6357716291501816
34,Argentina,ARG,2016,31.838073425521078,2.411680608248497,28.007620581677,1.7018920040527643
35,Argentina,ARG,2017,31.05788284303389,2.260202746274312,27.33805390124635,1.7458899636831495
36,Armenia,ARM,2014,66.48719723372632,13.861679219934631,49.843225972895134,3.813175332256282
37,Armenia,ARM,2015,67.15583171909857,12.685907923593671,51.61498629982707,3.930754718329424
38,Armenia,ARM,2016,64.86230501424498,12.457520531100759,49.57826401480464,3.8507076774753264
39,Armenia,ARM,2017,64.81278002952514,11.904036639135585,50.07469349435266,3.8602136455909246
40,Australasia,,2014,11.177655650660698,0.10267495047111036,10.680035471476293,0.451009144987773
41,Australasia,,2015,10.987306785045742,0.09783074688896806,10.448898194358447,0.5012671977659618
42,Australasia,,2016,10.291204862952052,0.0925697886109902,9.71558208292718,0.5439211667452865
43,Australasia,,2017,10.459774667181632,0.09103582028360337,9.829451255860539,0.6064799946300939
44,Australia,AUS,2014,11.472679444134,0.09310357898187634,10.939490934240538,0.5037056192109294
45,Australia,AUS,2015,11.27679379229225,0.08863760266246079,10.702071746128468,0.5544068421538402
46,Australia,AUS,2016,10.586439853479725,0.0844017093964245,9.974549114246543,0.5955779226731147
47,Australia,AUS,2017,10.795951827407098,0.08336277493608862,10.128110587358444,0.6592419425245565
48,Austria,AUT,2014,18.873903944744814,0.3079594788275017,16.756504434624894,2.1811148144215573
49,Austria,AUT,2015,18.85776731859494,0.2876706086838827,16.74104005550154,2.206374188061628
50,Austria,AUT,2016,17.812976640233504,0.27999019363245115,15.722648835617466,2.1663995920095176
51,Austria,AUT,2017,17.58634934991682,0.2665825847262322,15.519288005198007,2.150996387094409
52,Azerbaijan,AZE,2014,83.75294669691091,23.018351761577073,58.23859117372746,3.2270470694949265
53,Azerbaijan,AZE,2015,83.30039503349123,21.59639964424022,59.2406163055914,3.1991503406203483
54,Azerbaijan,AZE,2016,80.71655579438709,20.99750770727332,57.23452927877114,3.1990917200933255
55,Azerbaijan,AZE,2017,80.19455281619848,20.751419791511253,56.92278659815898,3.2401274857241686
56,Bahamas,BHS,2014,33.078734748727385,2.1501099934789143,30.253959086594413,0.8414011056114762
57,Bahamas,BHS,2015,33.59640013854071,2.088066178995843,30.823050888561312,0.8569370962520175
58,Bahamas,BHS,2016,32.50757343550969,2.0937383182911407,29.724676066867772,0.8552715095203776
59,Bahamas,BHS,2017,32.160578275161306,2.020472156631146,29.447533766028126,0.8569695112725271
60,Bahrain,BHR,2014,64.92148385042249,0.4140806811173897,62.2197611221949,3.3584418073721687
61,Bahrain,BHR,2015,65.48333614556586,0.33750895700166955,62.926760783305426,3.3304676436678253
62,Bahrain,BHR,2016,63.669394202211464,0.31442624506097977,61.14446483608205,3.2973263871699814
63,Bahrain,BHR,2017,62.900449377330354,0.2803315894472375,60.42661075150302,3.28021338023501
64,Bangladesh,BGD,2014,117.29326346602457,68.1447713661435,44.117451599464985,8.741879076326644
65,Bangladesh,BGD,2015,113.29674354072166,65.062948348071,43.270290638068474,8.559829606025437
66,Bangladesh,BGD,2016,109.40404314209871,63.761660429159285,40.632332321065924,8.49812806991392
67,Bangladesh,BGD,2017,108.52547816698328,61.985378174093114,41.48537925148221,8.542990754464597
68,Barbados,BRB,2014,35.99840607603857,0.046109319902428704,35.862211234115904,0.11612922806857638
69,Barbados,BRB,2015,35.92143363341093,0.044727921125559726,35.78020002013601,0.1243878823755892
70,Barbados,BRB,2016,35.18312348566336,0.04351229736420517,35.037066794800054,0.13143816697046407
71,Barbados,BRB,2017,35.068161413531136,0.04267974887439333,34.91535429232297,0.14074181134944194
72,Belarus,BLR,2014,54.956034876757286,0.8945045608459821,53.32029531293532,0.9330727861053096
73,Belarus,BLR,2015,52.68628081874557,0.7717062226156818,51.15296711032464,0.9595683085738772
74,Belarus,BLR,2016,50.785542548561324,0.7397554624711596,49.26701121261416,0.9736386069913346
75,Belarus,BLR,2017,50.7119499458568,0.6926191980826031,49.21211309769278,1.008863457682479
76,Belgium,BEL,2014,20.193664782882074,0.12003941258315065,18.09862650832561,2.3770505650335916
77,Belgium,BEL,2015,20.47646878669515,0.1144470809674939,18.35943958511732,2.41621034599238
78,Belgium,BEL,2016,19.272908553596015,0.1090586491993204,17.199824343490864,2.355315930643167
79,Belgium,BEL,2017,19.127512733372573,0.10442322197799417,17.060459664309366,2.35459046429421
80,Belize,BLZ,2014,45.55579527783061,13.627343699374402,30.862696794448205,1.403831614324106
81,Belize,BLZ,2015,45.92906629326754,12.918677194248517,31.901607038349194,1.4630033386354635
82,Belize,BLZ,2016,44.5258787637848,12.722319091943353,30.695406959017372,1.4469601614971388
83,Belize,BLZ,2017,44.21203868186201,12.176981522935906,30.91941883003718,1.4557052961638424
84,Benin,BEN,2014,120.75976564689651,101.30052435565314,17.959697793971948,2.6701977184171404
85,Benin,BEN,2015,119.28558873159645,94.7582137569168,23.039357504004077,2.6643601733484803
86,Benin,BEN,2016,115.80534192333548,92.05337923461134,22.23829353481993,2.6871360171456637
87,Benin,BEN,2017,113.15957555347748,89.36395534133676,22.268138559108127,2.7001121758885867
88,Bermuda,BMU,2014,18.97668010062664,1.5126067475812055,16.49159030066625,1.1709781265820802
89,Bermuda,BMU,2015,18.48737080464504,1.51203094836819,16.002337481097946,1.1677556833124665
90,Bermuda,BMU,2016,17.80109469632257,1.5183148209622674,15.327621192064537,1.1384246280212744
91,Bermuda,BMU,2017,17.643625701259747,1.4491334215541232,15.246630074600306,1.1293402927135974
92,Bhutan,BTN,2014,79.6067539178256,30.29518837212573,41.36639166383385,11.680407643848113
93,Bhutan,BTN,2015,77.36572209851677,28.25155320724675,41.20092854029205,11.5458002401964
94,Bhutan,BTN,2016,74.5466533290088,26.79193996590172,39.83484547314278,11.414277853497515
95,Bhutan,BTN,2017,73.10805518693806,24.590261205671357,40.63592737896757,11.329633270645578
96,Bolivia,BOL,2014,59.66622337526416,23.766706588081966,34.073417742664454,2.4625393659786843
97,Bolivia,BOL,2015,56.756622961081426,22.5470651333525,32.387496190057284,2.4230903918304745
98,Bolivia,BOL,2016,54.625557593631925,21.134597911346475,31.67899345440473,2.3846471885908063
99,Bolivia,BOL,2017,53.87507203792895,19.63842883877619,32.43273564700695,2.3667939082067644
100,Bosnia and Herzegovina,BIH,2014,60.16566452492593,23.90024877789898,34.376117058783905,2.6311891064469344
101,Bosnia and Herzegovina,BIH,2015,60.87582209041505,23.27216392936813,35.69666183900205,2.65648173751206
102,Bosnia and Herzegovina,BIH,2016,58.97572422446513,22.978377970566783,34.09491768392757,2.6291116165290416
103,Bosnia and Herzegovina,BIH,2017,58.07743401399994,22.081644439789084,34.10666537187964,2.608378299587773
104,Botswana,BWA,2014,76.59289047222316,41.12960002489972,32.421464851597165,4.268565197745968
105,Botswana,BWA,2015,75.07226868898151,39.261535903019826,32.79318632657139,4.222148587461315
106,Botswana,BWA,2016,72.00154318039542,37.10624385506925,31.929878179135585,4.123876260081127
107,Botswana,BWA,2017,69.80400607591162,35.521180043454436,31.333245474287914,4.077350274925684
108,Brazil,BRA,2014,32.431550097025244,6.822885755912238,23.91156465991439,2.0685101010620235
109,Brazil,BRA,2015,31.516089763325674,6.3600422259301626,23.4451488834162,2.076375657898344
110,Brazil,BRA,2016,30.349578155443645,5.976036709284772,22.62249598393088,2.10440935622886
111,Brazil,BRA,2017,30.321077184467878,5.583721423596631,22.94566354686888,2.1507417186207958
112,Brunei,BRN,2014,22.342449821492853,0.21816437885093115,21.113573444531678,1.1072184102865996
113,Brunei,BRN,2015,23.74965984178257,0.20520310588389248,22.534905838327862,1.1131591567938883
114,Brunei,BRN,2016,20.47862532800329,0.17419595271477395,19.268640666329805,1.1275181229386748
115,Brunei,BRN,2017,20.300877110426182,0.16086464016426485,19.093335917107435,1.1398263983935186
116,Bulgaria,BGR,2014,55.19135623908331,11.618943040567995,41.67360830843306,2.4560511264406446
117,Bulgaria,BGR,2015,53.66706844238811,10.843731983384043,40.97743569868924,2.3850422194862464
118,Bulgaria,BGR,2016,51.77971020509638,10.756626987499473,39.202049093477996,2.3341373002235173
119,Bulgaria,BGR,2017,51.39213644722451,10.24999951460994,39.32109162274384,2.329743217615765
120,Burkina Faso,BFA,2014,138.19702223084195,120.23006026637762,17.158918866248893,1.548023628808748
121,Burkina Faso,BFA,2015,137.96110169969214,114.63481909093865,22.51875198556037,1.5543245153189469
122,Burkina Faso,BFA,2016,136.00104935851678,114.46804600863626,20.709327398068897,1.57433739425479
123,Burkina Faso,BFA,2017,133.18266376444095,111.07320759193331,21.276124629966766,1.5848879159412268
124,Burundi,BDI,2014,148.99169160747445,124.34759660035529,22.57556094007279,3.8954863373323083
125,Burundi,BDI,2015,146.90643026980257,122.83780516671814,21.995682710311016,3.893434793230437
126,Burundi,BDI,2016,144.35628994473126,120.37432981906255,21.910850572653093,3.8855572981368502
127,Burundi,BDI,2017,142.77420767474803,118.56654038904098,22.12083842214165,3.89970555438659
128,Cambodia,KHM,2014,114.41026890876785,89.90012995801685,23.20632514959277,2.163860918260673
129,Cambodia,KHM,2015,111.89318446706793,88.36757903942812,22.178301044379168,2.2181751594099963
130,Cambodia,KHM,2016,109.48733638993109,86.66277270720273,21.428438696282566,2.2766909717879265
131,Cambodia,KHM,2017,107.97949761148656,84.71483472871255,21.832418227129764,2.327675126529593
132,Cameroon,CMR,2014,123.00749466453344,74.36159865008706,46.80008232260517,3.0824388754436285
133,Cameroon,CMR,2015,122.50888574883058,64.73491888405638,55.99154132228129,3.029255659999224
134,Cameroon,CMR,2016,118.32719509326357,61.300810978077905,55.23179031346046,3.0168822639523327
135,Cameroon,CMR,2017,113.96151454529944,57.178360641736795,54.99003408483397,2.9863480636985376
136,Canada,CAN,2014,12.618722382754047,0.027695903769322714,11.032571089621392,1.7469907117784156
137,Canada,CAN,2015,12.217926497625728,0.027057792834244768,10.609096875802283,1.763894813764779
138,Canada,CAN,2016,11.002674780961692,0.02512858893331633,9.397502530791416,1.740833692692777
139,Canada,CAN,2017,10.716618413539727,0.024770498196004083,9.110733440276666,1.739718060535529
140,Cape Verde,CPV,2014,52.09271220135209,28.759667832492074,22.67669996506705,0.9622673861875816
141,Cape Verde,CPV,2015,53.055917852444686,26.167935065981684,26.234783357090894,0.9703565342537104
142,Cape Verde,CPV,2016,51.265601321107034,26.064246169898766,24.517260051137136,0.9968349036240408
143,Cape Verde,CPV,2017,50.81777755646322,24.631581947891906,25.4964979046444,1.0044631269412192
144,Caribbean,,2014,48.02021908068403,19.89307495093827,27.03118910937979,1.4301067931595328
145,Caribbean,,2015,47.944338648994325,19.442227911588187,27.387687961485106,1.4510468286737983
146,Caribbean,,2016,47.00157507932333,19.07371672889995,26.803649532669176,1.4541743561481282
147,Caribbean,,2017,46.42572749368468,18.592514310420423,26.709964175951637,1.450336742020953
148,Central African Republic,CAF,2014,206.2333397662377,163.29509404940356,39.743950413038675,6.021403816133421
149,Central African Republic,CAF,2015,205.84828417417634,157.8087045828378,44.885875847114676,5.975791228422653
150,Central African Republic,CAF,2016,202.45767395259782,155.43596908556339,43.864592838331816,5.955939307748738
151,Central African Republic,CAF,2017,199.65099723487427,153.34145678236783,43.15760017143447,5.9415885435654285
152,Central Asia,,2014,82.40615341088434,25.309128326162124,54.719149196569845,3.1146721698501114
153,Central Asia,,2015,82.39223572108011,23.525772777759105,56.507876935241306,3.103233748910122
154,Central Asia,,2016,79.42307460992045,23.02996950474556,54.03290690617506,3.0712040926389523
155,Central Asia,,2017,79.03843943847875,21.90708545257302,54.774925886626136,3.072040151554588
156,Central Europe,,2014,41.98893056320322,8.410929223597659,31.887071201150487,2.1696051049067133
157,Central Europe,,2015,42.34817192071471,8.02551407415541,32.59710204638459,2.2169322221503043
158,Central Europe,,2016,40.0509999585582,7.767619245717884,30.59954472555773,2.1445371012927823
159,Central Europe,,2017,39.28609609708024,7.396395103845563,30.23324072856961,2.1081281872513453
160,"Central Europe, Eastern Europe, and Central Asia",,2014,51.779750055429965,6.824379236168423,43.500121702357305,1.836574303980824
161,"Central Europe, Eastern Europe, and Central Asia",,2015,52.84763617224818,6.527661581640682,44.83088689006353,1.8849385713747355
162,"Central Europe, Eastern Europe, and Central Asia",,2016,50.304297149170466,6.34753701289747,42.49186224090748,1.8403229854071603
163,"Central Europe, Eastern Europe, and Central Asia",,2017,49.127517457230574,6.040145457988983,41.639213235229036,1.818695116218178
164,Central Latin America,,2014,40.13302176863589,11.268053923673255,26.70746363980857,2.813837768277508
165,Central Latin America,,2015,39.31786984866817,10.969508126686526,26.191223713338875,2.795390924286955
166,Central Latin America,,2016,38.41413713169229,10.768997473552917,25.472527777977827,2.793033420706124
167,Central Latin America,,2017,38.07513908949221,10.288776675926817,25.61843539246275,2.785763562490593
168,Central Sub-Saharan Africa,,2014,140.45971891142216,108.06114496434554,29.147380250383023,5.8529538425467456
169,Central Sub-Saharan Africa,,2015,137.3240254886962,103.27322236021736,30.77190669970659,5.857978548344952
170,Central Sub-Saharan Africa,,2016,134.01586880636538,99.61844447704416,31.083886246823603,5.880378435102253
171,Central Sub-Saharan Africa,,2017,131.59878681392715,97.10208606770935,31.15296329076534,5.910979116809648
172,Chad,TCD,2014,164.25998885499212,137.14490032398294,25.34134114232621,3.5274143122063792
173,Chad,TCD,2015,163.48694801062942,129.48734378881718,32.237655246451034,3.5180540029679723
174,Chad,TCD,2016,161.38245257620412,128.87886828564913,30.70370527124237,3.5673960253989985
175,Chad,TCD,2017,159.14741095199247,126.19193205683548,31.13891316521896,3.5914307442692497
176,Chile,CHL,2014,25.317217059000072,3.2099549058561907,21.276258892826007,1.0743804418180902
177,Chile,CHL,2015,24.84461527443071,3.015242293794259,20.965834973437488,1.1134862957532072
178,Chile,CHL,2016,24.02172262772059,3.0171241719193125,20.10518108731192,1.148452781696218
179,Chile,CHL,2017,24.299212977771138,2.937137106443011,20.412135195915624,1.2139817588187567
180,China,CHN,2014,78.9903230003452,18.9203232703388,52.51894495647148,11.503729518937778
181,China,CHN,2015,78.25140892499367,18.120062657048432,52.65894615543432,11.316569963060136
182,China,CHN,2016,74.70570934957617,17.765584361779148,49.44868337698298,11.14419970552404
183,China,CHN,2017,72.67678885845345,15.803640803011787,49.36714161016279,11.12328257255152
184,Colombia,COL,2014,23.881846794620728,5.5917757989286905,17.33762822695851,1.2027783809794292
185,Colombia,COL,2015,23.23830957737139,5.179411361083676,17.091480018875185,1.2115166457867328
186,Colombia,COL,2016,22.415220772082826,4.798744203707592,16.63831581682576,1.2169289067122273
187,Colombia,COL,2017,22.096239221840897,4.401575149943022,16.699475406298227,1.2354045133966731
188,Comoros,COM,2014,99.91590406848768,83.23507027023648,16.149052104700864,0.8638325882849817
189,Comoros,COM,2015,97.48803149016649,81.01889748713413,15.937790126218914,0.8547761002549542
190,Comoros,COM,2016,95.45839928685992,78.9703225527392,15.957315325850752,0.8477318417811377
191,Comoros,COM,2017,93.98944768869382,77.29998015329122,16.158609453462063,0.8435481370153114
192,Congo,COG,2014,119.5758292412294,68.30714494893397,48.835772253676176,3.8325343774127383
193,Congo,COG,2015,118.00178344748221,66.2707358919882,49.24761134933027,3.881511195321453
194,Congo,COG,2016,114.19805232623864,62.05608329015196,49.71577043706647,3.7733620153529936
195,Congo,COG,2017,113.00518030689967,59.20779607203236,51.3553045554795,3.7822229071709943
196,Costa Rica,CRI,2014,20.29775859773952,3.7388131810231133,15.82491179879701,0.9258288280952642
197,Costa Rica,CRI,2015,20.619265411101,3.7412148497829665,16.08741076707351,0.9920295997761605
198,Costa Rica,CRI,2016,21.090576957894672,3.804433489272751,16.417722955632456,1.079662193525807
199,Costa Rica,CRI,2017,21.21308224391965,3.6401533540643727,16.666095425775104,1.1269900586622588
200,Cote d'Ivoire,CIV,2014,129.41059134858878,110.15333254860491,18.49869228910711,1.2598649415214822
201,Cote d'Ivoire,CIV,2015,127.60537718702524,103.6539523090064,23.19892400261362,1.2563702423150471
202,Cote d'Ivoire,CIV,2016,123.02454755770037,99.91100085382836,22.355167316530746,1.2563118878280248
203,Cote d'Ivoire,CIV,2017,118.8365593679245,96.25337526474657,21.82017137577354,1.2568754782829
204,Croatia,HRV,2014,36.09441955332218,5.431719135209527,28.485564071673807,2.7555204468650305
205,Croatia,HRV,2015,37.53962033602016,5.3259443234176524,29.94664164389749,2.879622275451274
206,Croatia,HRV,2016,34.23502573085698,4.964761333721522,27.12795643692429,2.696853788786969
207,Croatia,HRV,2017,33.552074585083204,4.654715054769408,26.803493217711658,2.6369353023718074
208,Cuba,CUB,2014,33.28892356329068,1.958789987976886,30.180165807110594,1.451904640765436
209,Cuba,CUB,2015,33.88404053460197,1.9346782115986767,30.76479603089065,1.4914265618658995
210,Cuba,CUB,2016,32.949714540203736,1.8292168476906925,29.96734445066028,1.4445710738417383
211,Cuba,CUB,2017,32.46048101808931,1.7220087689204295,29.61062874219227,1.4096372200043907
212,Cyprus,CYP,2014,27.65958341388981,0.21751827153012626,25.051621772958665,2.984019632904848
213,Cyprus,CYP,2015,27.608607695444388,0.20041022882072698,25.01751325258554,2.9993392306021183
214,Cyprus,CYP,2016,25.961714680562192,0.20490589992707714,23.36870549082525,2.954873381256553
215,Cyprus,CYP,2017,25.95910461328527,0.19019936511306865,23.39594606492024,2.943205787235545
216,Czechia,CZE,2014,32.26503336719154,1.0754686583378703,29.443756342432703,2.1687040084753346
217,Czechia,CZE,2015,32.41577614263114,1.0279276016565455,29.5775967303083,2.24769713851017
218,Czechia,CZE,2016,30.791526739212106,1.02115785177137,27.980942326050425,2.2019520861458943
219,Czechia,CZE,2017,30.159923281693157,0.9588610421030938,27.47477475508482,2.123831686842625
220,Democratic Republic of Congo,COD,2014,151.78042240404605,122.56021457579304,25.83026682685604,6.3544858097198125
221,Democratic Republic of Congo,COD,2015,148.44210172749692,117.27702554924092,27.720476323840092,6.4009153526569245
222,Democratic Republic of Congo,COD,2016,145.19971156704574,113.39155855036532,28.29788198078124,6.475968587274874
223,Democratic Republic of Congo,COD,2017,142.68032992575937,110.90576831144364,28.207917435390648,6.5485763466518625
224,Denmark,DNK,2014,20.665882663638488,0.11203118566394912,18.150670498110504,2.8352430633545747
225,Denmark,DNK,2015,19.891194178420136,0.11022028234698354,17.381600857521242,2.819238274169601
226,Denmark,DNK,2016,19.31916137636146,0.10954123803811716,16.78729836223031,2.8284532428514377
227,Denmark,DNK,2017,19.324887260097906,0.1036955248849978,16.775030036155087,2.8546661158342603
228,Djibouti,DJI,2014,83.41619402173275,38.737322564426464,43.309288409651096,2.008329692361636
229,Djibouti,DJI,2015,83.49410648928294,35.26479575926464,46.81545009925675,2.085631423105995
230,Djibouti,DJI,2016,82.4769523955055,33.953360296274674,47.03830554619207,2.1847122440730344
231,Djibouti,DJI,2017,80.69632489595126,32.24147875520848,46.90101672940823,2.274099614123912
232,Dominica,DMA,2014,38.924702625230985,7.541223365509549,31.383470054386763,1.205870787913519e-05
233,Dominica,DMA,2015,38.88421399204624,7.372724434383253,31.511475431234192,1.8281219045547536e-05
234,Dominica,DMA,2016,38.23456970186678,7.083231774969902,31.151319289281613,2.444418693611398e-05
235,Dominica,DMA,2017,37.6752584195648,6.837761310585372,30.837473231334187,3.1291433243746965e-05
236,Dominican Republic,DOM,2014,37.487220022484436,12.963802180254454,23.656096698840408,1.0736857154810735
237,Dominican Republic,DOM,2015,38.94723638367552,12.507712955580745,25.541600796175533,1.1136634399817402
238,Dominican Republic,DOM,2016,37.686763633898266,12.027495375077319,24.73403077349781,1.1359708769348928
239,Dominican Republic,DOM,2017,36.972745164901454,11.253908442928724,24.79712075938224,1.129399653348239
240,East Asia,,2014,79.07662133044289,19.685875053577988,51.7980787456215,11.580346034319652
241,East Asia,,2015,78.32763846670636,18.862092037374968,51.95192623843152,11.394538736074333
242,East Asia,,2016,74.83217256928376,18.51858431251805,48.7808842268239,11.223565162199302
243,East Asia,,2017,72.824140571331,16.577136319482356,48.70226536660533,11.198602785766
244,Eastern Europe,,2014,49.998583726284274,1.7098265127993069,47.13960055498861,1.4088396921790018
245,Eastern Europe,,2015,51.760346860143436,1.7520013590362769,48.81856375758816,1.4653506553341449
246,Eastern Europe,,2016,49.225889299920226,1.6345652575339955,46.422035974630745,1.431986082973763
247,Eastern Europe,,2017,47.545677936188234,1.5050157794777728,44.88414817994821,1.4149419884350078
248,Eastern Sub-Saharan Africa,,2014,111.97879701887493,92.73376659659228,18.061078141893272,2.105498481551795
249,Eastern Sub-Saharan Africa,,2015,109.63781931105743,89.92156035342848,18.52785862961061,2.103344714711429
250,Eastern Sub-Saharan Africa,,2016,107.15053254478441,87.21901596722924,18.73241901831414,2.108758902300742
251,Eastern Sub-Saharan Africa,,2017,105.19513510973374,85.13807859478011,18.847992668119357,2.1162967196426505
252,Ecuador,ECU,2014,29.05272340252255,3.802104059094375,24.678077877026105,0.7092149297550273
253,Ecuador,ECU,2015,28.041828651523147,3.5180012474034985,23.951764445194033,0.7056033197947237
254,Ecuador,ECU,2016,27.55363736770889,3.3566206381029278,23.622038753349624,0.704972600229583
255,Ecuador,ECU,2017,27.135242910048547,3.113057544287344,23.448047573097938,0.7036519864723022
256,Egypt,EGY,2014,109.49536863461073,1.3704990132802863,105.21145316173063,4.3894996217892555
257,Egypt,EGY,2015,115.05149631002712,1.0701722684440078,111.06280638846056,4.480651586401592
258,Egypt,EGY,2016,114.1088910539082,0.8676117900289524,110.27774587287004,4.551895382340303
259,Egypt,EGY,2017,113.35551184504844,0.7263842171517877,109.61626649793972,4.614963788972096
260,El Salvador,SLV,2014,49.70302862768477,18.53704533422611,30.066183903291865,1.5065045571448803
261,El Salvador,SLV,2015,48.85354960907514,17.758870003293172,29.973896337121143,1.5239705819593459
262,El Salvador,SLV,2016,47.00602627460335,17.08333938923321,28.798981062910467,1.513729128001011
263,El Salvador,SLV,2017,45.898198724122935,16.1433356937648,28.629468914767187,1.5101959873664614
264,England,,2014,18.124257814685212,0.2186939706233718,16.510220628021607,1.6476097845368596
265,England,,2015,18.279821954538093,0.21163260467208356,16.633287750931142,1.6933271602642683
266,England,,2016,17.99348693223695,0.20459239965357048,16.335701630373926,1.710410452550843
267,England,,2017,17.880951040970928,0.1969886069080232,16.228557071228703,1.7120864136030611
268,Equatorial Guinea,GNQ,2014,80.06169681432344,45.96653098925506,33.30694592617528,1.2546655821105632
269,Equatorial Guinea,GNQ,2015,80.35685037757213,42.00401618286153,37.551805242189225,1.2826638146680516
270,Equatorial Guinea,GNQ,2016,79.70653632070733,39.93560516384943,38.94641163240545,1.315420261939003
271,Equatorial Guinea,GNQ,2017,78.35860984601827,38.69715607730606,38.81393882326178,1.3439689917075064
272,Eritrea,ERI,2014,142.4124624146111,106.56676438089916,33.687152948873205,3.748626764183957
273,Eritrea,ERI,2015,141.0294818545139,101.6572079619178,37.19493825928181,3.780360168526972
274,Eritrea,ERI,2016,136.95354622893572,98.41313911799826,36.36123193800463,3.76199383943058
275,Eritrea,ERI,2017,132.70047430840424,94.84387618773856,35.670724137818006,3.750114096474584
276,Estonia,EST,2014,18.838467523565107,4.698820911153656,13.531512474047773,0.7007522450866969
277,Estonia,EST,2015,16.53077524854442,4.306394037523906,11.638833254044748,0.6665712052968404
278,Estonia,EST,2016,15.982268164677274,4.046433005223994,11.361160806027447,0.6508775637210639
279,Estonia,EST,2017,15.651686870127074,3.9326344453577895,11.149028835911892,0.644178341082145
280,Eswatini,SWZ,2014,126.00309781009831,79.27087972136934,42.54482732614738,5.776404252398403
281,Eswatini,SWZ,2015,118.54146469686536,72.64333884586713,41.8673874885878,5.527406823277088
282,Eswatini,SWZ,2016,111.55053168793621,67.77632693252572,39.85504479767981,5.325946863037777
283,Eswatini,SWZ,2017,106.34176901707585,63.45187710098276,39.07458229346773,5.164878948924798
284,Ethiopia,ETH,2014,96.4990110648254,80.39812529435264,15.145137050515844,1.7389590277402067
285,Ethiopia,ETH,2015,93.57869970805281,76.01804825700313,16.601487327780852,1.7362614069371498
286,Ethiopia,ETH,2016,90.64138256531292,72.65922548464589,17.00678717527138,1.7490932380539566
287,Ethiopia,ETH,2017,88.82900506191545,70.59407937480415,17.24255369779341,1.766512964429925
288,Fiji,FJI,2014,109.9759493809148,65.42129056354888,44.45677179298518,0.12419118224872205
289,Fiji,FJI,2015,108.36339048789448,63.736489744376925,44.52781647068658,0.12503043356274934
290,Fiji,FJI,2016,103.64606412633276,60.83021611353772,42.715385376566175,0.12620607575490753
291,Fiji,FJI,2017,100.59466782714485,57.963173821819325,42.52815292162406,0.12866700628586214
292,Finland,FIN,2014,9.630076860437587,0.15455901917992002,8.761753489479402,0.7873126923422922
293,Finland,FIN,2015,8.690690776685539,0.14122051324913618,7.840072315633547,0.7751955900380144
294,Finland,FIN,2016,8.401696211344321,0.13332252126139593,7.544358232611469,0.7871749766485663
295,Finland,FIN,2017,8.507491500027184,0.1321508652169309,7.6351616040489265,0.8047940854480415
296,France,FRA,2014,12.712931603864243,0.10539636765815186,11.634975199303137,1.1603808312504864
297,France,FRA,2015,12.83499259035394,0.09897136505032644,11.763785395004929,1.1645179286248704
298,France,FRA,2016,11.967906775869775,0.09567480526634592,10.916809436920023,1.1351907706362472
299,France,FRA,2017,11.81922210905491,0.08889686553763029,10.777409938473737,1.1319263924575336
300,Gabon,GAB,2014,74.12893310018273,15.065024535882866,58.20998797909839,1.1956609607307132
301,Gabon,GAB,2015,74.1911688253248,13.388055230026374,59.94010644058635,1.212704921324848
302,Gabon,GAB,2016,72.87385788499913,12.132151036986976,59.86522349341003,1.2297235010746068
303,Gabon,GAB,2017,72.05364228980268,10.874686331491636,60.28809482912346,1.2482002052431092
304,Gambia,GMB,2014,139.19707681768844,114.51557576832157,23.441523039751086,2.185161278185811
305,Gambia,GMB,2015,138.24444538643093,109.58004121263436,27.403100814956893,2.223279862491549
306,Gambia,GMB,2016,135.86485988167829,109.35083822319237,25.21402205668356,2.2740234711441745
307,Gambia,GMB,2017,134.39277064537066,106.7540779823176,26.311126103166018,2.3157407905441185
308,Georgia,GEO,2014,67.58947935757708,32.119975310113446,33.50528948811677,2.7034136510263633
309,Georgia,GEO,2015,69.46115289261455,31.489241465086394,35.916342178935146,2.8344415286059528
310,Georgia,GEO,2016,70.0353734834092,32.456270752058714,35.446366040664245,2.9047642532373965
311,Georgia,GEO,2017,70.51192620351799,31.72455336038266,36.632934893112406,2.9332500838193214
312,Germany,DEU,2014,19.823402385754886,0.2909559922312535,17.662717096066302,2.242481053972152
313,Germany,DEU,2015,20.47622376669419,0.29463225556935163,18.227343803385192,2.3460560783368885
314,Germany,DEU,2016,20.104022575465148,0.2948022992498311,17.823529874686166,2.363617044185604
315,Germany,DEU,2017,19.828264775322808,0.2805077790695611,17.597897924487683,2.323455559881036
316,Ghana,GHA,2014,110.73096213684073,81.656909224369,28.20831485586164,1.348181891488854
317,Ghana,GHA,2015,111.13618841928104,74.8133949671634,35.46411489363455,1.349688616119414
318,Ghana,GHA,2016,109.08762408781466,70.93795089370758,37.282673452734976,1.3576585353254171
319,Ghana,GHA,2017,105.43693391989392,68.4070002510311,36.154164927534275,1.358968882716951
320,Greece,GRC,2014,26.638396465341398,0.2962209304226526,24.18853730220913,2.66804057120097
321,Greece,GRC,2015,26.90073306027663,0.28438170921036104,24.468833441465033,2.66454797889944
322,Greece,GRC,2016,25.78565659990388,0.29430565799809,23.34623146371625,2.6380316261208283
323,Greece,GRC,2017,25.723662678277613,0.2868154524738005,23.29515963532637,2.632382697761599
324,Greenland,GRL,2014,35.1723596882144,0.6795501888926758,31.35821759991059,3.7208619429821934
325,Greenland,GRL,2015,34.14105105614916,0.6538220172927072,30.29621569168597,3.7562483191447713
326,Greenland,GRL,2016,33.07838492544657,0.613073558992845,29.35643536714092,3.6585071816122414
327,Greenland,GRL,2017,32.67641334760562,0.5954664360882979,29.001328378778148,3.620822067542404
328,Grenada,GRD,2014,51.349179793669435,5.405430905162121,45.494263525928496,0.5823872711609864
329,Grenada,GRD,2015,51.090597377294245,5.028059708151066,45.60639470440896,0.5907189290005106
330,Grenada,GRD,2016,49.95005972638061,4.763876374711604,44.75349876382712,0.5561282849997992
331,Grenada,GRD,2017,49.212166633253155,4.461085259237153,44.29541814969228,0.5839616652294439
332,Guam,GUM,2014,43.75371435079417,7.625108189228357,35.99713526004776,0.1581563312412994
333,Guam,GUM,2015,45.34053853577343,7.538858002504091,37.66429061304788,0.16618673923733254
334,Guam,GUM,2016,44.09865633161295,7.653258597252214,36.302750707171,0.17145293022707014
335,Guam,GUM,2017,44.24053103355215,7.626418583098938,36.466814713375356,0.17727856594541613
336,Guatemala,GTM,2014,68.55376181209553,44.382019917065655,23.513896586225556,0.9718066629867084
337,Guatemala,GTM,2015,66.88970301693914,43.320628550436545,22.892006563110698,0.989847999238326
338,Guatemala,GTM,2016,66.82009808023248,43.32011911360149,22.809386471749807,1.0003173561255667
339,Guatemala,GTM,2017,65.9790002603592,41.75693179687777,23.518654044051534,1.0143087190590259
340,Guinea,GIN,2014,169.5965080303224,152.84744101496338,15.232442233212938,2.8098341675234697
341,Guinea,GIN,2015,167.47244781668357,146.84928376172158,19.08691666217848,2.8428313767270112
342,Guinea,GIN,2016,163.76973083973343,144.1364218357584,18.060043453817574,2.8826694192882187
343,Guinea,GIN,2017,160.5037717890735,140.1710927023778,18.73494101280082,2.914433352970797
344,Guinea-Bissau,GNB,2014,172.32956157714352,149.84083859445457,21.055958279847992,2.623190620373125
345,Guinea-Bissau,GNB,2015,169.55649820090062,143.79442180258238,24.323280415012803,2.6370250109773203
346,Guinea-Bissau,GNB,2016,165.77766923995708,141.40366216608203,22.909867954588453,2.663380944934954
347,Guinea-Bissau,GNB,2017,161.79803398722711,137.34310973576194,22.980620605196236,2.6709604703971013
348,Guyana,GUY,2014,68.3951390003453,17.965746393609333,50.078671550814725,0.4572920107867064
349,Guyana,GUY,2015,67.03376628559126,16.96156147492993,49.71857207064218,0.4602448419792376
350,Guyana,GUY,2016,64.37554609424143,16.168577317799993,47.84974225536453,0.4613210186807529
351,Guyana,GUY,2017,63.13106941124375,15.306133666708474,47.46241976562799,0.4680302456803155
352,Haiti,HTI,2014,128.4707372594211,110.55755350697692,15.90195684542356,3.2522222320459355
353,Haiti,HTI,2015,125.84507428282149,108.51244161750604,15.297445742849117,3.2661433433588063
354,Haiti,HTI,2016,123.58597646625549,106.5389129049646,14.990003298481374,3.2839362677369537
355,Haiti,HTI,2017,121.36381010549023,104.30403521862921,14.982819379200913,3.2991419410741303
356,High SDI,,2014,19.06463105714895,0.4064892049558829,16.61442079870281,2.433500755242505
357,High SDI,,2015,19.052663948589252,0.38626031639417785,16.60054170101725,2.4592871947342063
358,High SDI,,2016,18.07876294879164,0.3759685545181789,15.62456927231319,2.448351347907244
359,High SDI,,2017,17.988732880835407,0.3542436754585671,15.551390157062276,2.4548851061647863
360,High-income,,2014,17.65772314075177,0.259512549160487,15.404922513005404,2.3318583050393245
361,High-income,,2015,17.621750375548046,0.2467539798347349,15.353383526841464,2.3639467542954278
362,High-income,,2016,16.710517229920615,0.2377841882476728,14.435826950911553,2.358088805732841
363,High-income,,2017,16.639596433961678,0.2269144907225583,14.368603196760777,2.366147906555296
364,High-income Asia Pacific,,2014,14.062515362976784,0.02828496993166235,12.913677491957172,1.3606806115010721
365,High-income Asia Pacific,,2015,13.816336897656367,0.026115802107724646,12.691723316222427,1.3369327303953231
366,High-income Asia Pacific,,2016,13.054601370104205,0.02553094264295348,11.920230126007324,1.3354040762786774
367,High-income Asia Pacific,,2017,13.096471000252617,0.0244286836631152,11.955185450745649,1.3466102165991891
368,High-middle SDI,,2014,57.412983336698716,7.510822363632356,46.197652545254,5.354909151481975
369,High-middle SDI,,2015,57.904324551364596,7.0203716949796044,47.212848649420344,5.3169797285556175
370,High-middle SDI,,2016,55.41358886625825,6.869205143132165,44.85852235504674,5.261239026290032
371,High-middle SDI,,2017,54.038313187223785,6.118236754409852,44.246070750352885,5.2409389403291415
372,Honduras,HND,2014,55.166058735514405,37.692316392972295,16.270575290895728,1.7740605882878613
373,Honduras,HND,2015,53.995134078230706,36.741660036275256,16.037904522096742,1.7804197320082455
374,Honduras,HND,2016,52.50476516518074,35.80503008000022,15.465039240798815,1.7893807410530032
375,Honduras,HND,2017,51.35947878557494,34.67178163875927,15.43252983644951,1.8067541116376504
376,Hungary,HUN,2014,42.303140403449994,9.438900315650182,29.888795078326392,3.751912209883408
377,Hungary,HUN,2015,44.676855591250785,9.230940745177426,32.313609942828414,3.967522422937344
378,Hungary,HUN,2016,40.536797435245425,8.617003137803152,28.94797624170629,3.7302932131890554
379,Hungary,HUN,2017,39.20837155126985,8.064261556826036,28.291004131792803,3.5783596780584515
380,Iceland,ISL,2014,10.772671640674943,0.15766556858355632,9.217971207043801,1.5478509325846426
381,Iceland,ISL,2015,10.742414880948346,0.15281115676765075,9.169528211710533,1.5751244294615605
382,Iceland,ISL,2016,9.917058291079096,0.13614121984104086,8.321408218262428,1.6035449414550922
383,Iceland,ISL,2017,9.946781471307624,0.13583828545487456,8.272267100029666,1.6862099781843805
384,India,IND,2014,137.59781490085078,59.793240682211476,67.90689587663066,17.13038182074496
385,India,IND,2015,136.35334016377357,56.86405700695664,69.48516009040505,17.211841810791636
386,India,IND,2016,134.6439383710875,54.3628438457655,70.13195308931152,17.307469852152156
387,India,IND,2017,131.99401859860856,51.027439573267095,70.80343541946223,17.240292914778973
388,Indonesia,IDN,2014,70.36964745948211,42.39438198803508,25.912220087808155,2.7768776011114706
389,Indonesia,IDN,2015,69.32689892147683,40.44046642074387,26.767593510156303,2.834996880105006
390,Indonesia,IDN,2016,67.61282231490594,38.480030279099395,26.960325189839768,2.8896666072725146
391,Indonesia,IDN,2017,66.18593254774466,36.49701995455007,27.4588502485116,2.95382922967394
392,Iran,IRN,2014,46.446435621993686,0.4032269661789638,43.864802552608175,2.961186012451904
393,Iran,IRN,2015,47.209841658733566,0.3543035648687737,44.667890365017406,2.985254441633275
394,Iran,IRN,2016,46.640540193110674,0.30951942422358025,44.13879082161377,2.9842591763901223
395,Iran,IRN,2017,46.15391906991914,0.27071172784774283,43.69164272572529,2.9840567583588213
396,Iraq,IRQ,2014,48.469716111397524,0.34291493251585103,47.149832468899106,1.4059196891387429
397,Iraq,IRQ,2015,46.30657409597857,0.2591259659976873,45.16626711998429,1.2944740119380678
398,Iraq,IRQ,2016,43.944802212490565,0.226852489018117,42.86599440172071,1.2471561159871751
399,Iraq,IRQ,2017,42.67741933508978,0.20654623830070606,41.622258287955255,1.2337291233998453
400,Ireland,IRL,2014,16.066805047254295,0.2742624650099888,14.553819643885848,1.4250181137050788
401,Ireland,IRL,2015,15.683316610073762,0.25625844073822684,14.197104764829442,1.4131633379524255
402,Ireland,IRL,2016,14.82763004157547,0.2396402800246599,13.366116158963,1.395927689839082
403,Ireland,IRL,2017,14.667470964625554,0.2301387646432579,13.208756687243348,1.4030745571914964
404,Israel,ISR,2014,22.54114061792513,0.186055204257166,20.637068913412573,2.1859476516311998
405,Israel,ISR,2015,22.84496127665537,0.1781680080214811,20.923210734282065,2.22626237187369
406,Israel,ISR,2016,21.32263986146952,0.17472764824778264,19.448412085482527,2.148793116007501
407,Israel,ISR,2017,21.257973557981305,0.16660773011092864,19.403275411767503,2.1401128883243548
408,Italy,ITA,2014,18.11464325753468,0.22163439602185167,16.248807355828195,2.0354422240882992
409,Italy,ITA,2015,18.545884601295548,0.22272561955011036,16.636577874145974,2.0919457466403437
410,Italy,ITA,2016,17.030851166842936,0.2085635695122744,15.200145391240925,1.993213248381776
411,Italy,ITA,2017,16.75889407644987,0.1965403424164748,14.96445109933372,1.9669159198835424
412,Jamaica,JAM,2014,41.82796676780997,9.721049748056569,30.779072050987438,1.6335237299453738
413,Jamaica,JAM,2015,41.81069446917363,9.420593080582817,31.055638705876103,1.6424164776242889
414,Jamaica,JAM,2016,42.42710728919807,9.6201174035164,31.383811205882267,1.7398671148342957
415,Jamaica,JAM,2017,41.8900571294336,9.14515427212103,31.30987773922065,1.7533471485494505
416,Japan,JPN,2014,12.274874377988185,0.02999186725374768,11.168430825929585,1.2849264746924929
417,Japan,JPN,2015,11.94683959182897,0.027849988291803143,10.867965698443108,1.2556439580896637
418,Japan,JPN,2016,11.340931868004894,0.027411796907361997,10.251409811802349,1.2564322398917156
419,Japan,JPN,2017,11.386092450350931,0.02630651092249131,10.292936066314338,1.2630492068524275
420,Jordan,JOR,2014,40.914476797298256,0.025274824466158145,39.200851857833534,2.262679797605717
421,Jordan,JOR,2015,40.38387786693111,0.02243646014703304,38.6959086215133,2.2397518434298087
422,Jordan,JOR,2016,39.66897989292402,0.020815215514952027,37.97537363419836,2.2402489145126983
423,Jordan,JOR,2017,39.448354037738994,0.019318440258954087,37.746670137028076,2.2523448810993494
424,Kazakhstan,KAZ,2014,56.026431863129865,16.767374591370327,36.0538980446489,3.904384069793609
425,Kazakhstan,KAZ,2015,55.32692369347354,15.205873477483944,36.99953888440986,3.8173889968238655
426,Kazakhstan,KAZ,2016,52.639266403361646,14.364966219240811,35.159345098467696,3.764656243522236
427,Kazakhstan,KAZ,2017,52.121787601991294,13.207756291154098,35.86610136826719,3.6950321765347582
428,Kenya,KEN,2014,96.57409398204562,72.68463796262144,22.743409238143748,1.8669228012521983
429,Kenya,KEN,2015,93.8247168374832,70.28555283330451,22.382571892471,1.8707824063596017
430,Kenya,KEN,2016,92.0458512189266,68.2404347949249,22.641298317297217,1.8749827540557256
431,Kenya,KEN,2017,90.3458197679713,66.45898981234399,22.714972009861803,1.8787523831327035
432,Kiribati,KIR,2014,162.07833739854573,145.10438877877638,15.605809125278526,2.16774470780694
433,Kiribati,KIR,2015,159.69672479623244,142.42358467786258,15.872468055426534,2.206265033218588
434,Kiribati,KIR,2016,156.12519549052615,139.87288454005076,14.814585969550322,2.240898709542784
435,Kiribati,KIR,2017,153.74024119230128,137.09664193188573,15.174840991496675,2.278171736300775
436,Kuwait,KWT,2014,34.84297330733431,0.0824320985093789,34.15949351024077,0.8644439962035493
437,Kuwait,KWT,2015,35.896683035217464,0.062252835415537236,35.208301923795226,0.9229125225068664
438,Kuwait,KWT,2016,34.873159689520804,0.055610144720248215,34.19825417404925,0.9024512375170916
439,Kuwait,KWT,2017,34.78580059858391,0.04816964139162283,34.113541547385566,0.9096103153630548
440,Kyrgyzstan,KGZ,2014,79.6625764658843,36.63898755681768,39.03822871056408,5.384003101710548
441,Kyrgyzstan,KGZ,2015,76.46804996729315,33.57050197927248,39.13133751202521,5.09752509071788
442,Kyrgyzstan,KGZ,2016,71.61924985076612,31.429193266824754,36.488966672836256,4.967030077041085
443,Kyrgyzstan,KGZ,2017,70.16414517149336,30.610349481300183,35.816805893063346,5.000682980706406
444,Laos,LAO,2014,132.52010794938835,100.23230807354516,29.535764338082327,4.501312620348653
445,Laos,LAO,2015,127.48326780392195,97.15036159614714,27.58098713384115,4.457311955150728
446,Laos,LAO,2016,123.18773306375144,93.03090001569934,27.40524145224895,4.423630270646559
447,Laos,LAO,2017,119.68570827941512,90.36795620126482,26.575081706052032,4.385622064331246
448,Latin America and Caribbean,,2014,37.53819350727315,10.598412739231863,25.228406806265394,2.176568585918817
449,Latin America and Caribbean,,2015,36.617083932804064,10.148966123767515,24.750170459414697,2.1727253058554314
450,Latin America and Caribbean,,2016,35.575674051377845,9.79874111994172,24.035847494488817,2.1825156450496523
451,Latin America and Caribbean,,2017,35.29692721601916,9.337219500596774,24.203100736814843,2.199051030975699
452,Latvia,LVA,2014,37.7468895587788,4.691138690489207,32.5591784430454,0.6094798050324822
453,Latvia,LVA,2015,35.639117962199386,4.4905795075030746,30.660699370116554,0.5943561819603859
454,Latvia,LVA,2016,34.83343819832083,4.368790348795996,29.975712977429215,0.5929830366501054
455,Latvia,LVA,2017,34.257109383318465,4.08865710340282,29.68210194121389,0.5896895903282158
456,Lebanon,LBN,2014,50.60696790191387,0.014463944307324344,48.26743811479693,3.0847892906452854
457,Lebanon,LBN,2015,50.70891730403722,0.01284003277383609,48.381504097678544,3.0779948602370157
458,Lebanon,LBN,2016,49.96460711016384,0.01201599477101934,47.633904329733284,3.0720050154262446
459,Lebanon,LBN,2017,49.843118476447074,0.01072339500693776,47.52136779221463,3.0677634713342785
460,Lesotho,LSO,2014,172.31041952760688,115.2431679476462,52.45216907648765,7.2184341362355635
461,Lesotho,LSO,2015,167.59947237811772,112.67068132693292,50.304793334688156,7.152840447895888
462,Lesotho,LSO,2016,159.1263815537874,107.93574758821026,46.635636246082214,6.961803338199278
463,Lesotho,LSO,2017,151.950853259576,102.01151088589701,45.495815733119144,6.753737632555518
464,Liberia,LBR,2014,119.13665247416243,110.46973645271092,8.091050974701986,1.061248168947919
465,Liberia,LBR,2015,117.01244804814185,106.56181556499477,9.865355331939716,1.0731888462509849
466,Liberia,LBR,2016,115.22724906603914,104.93755953163502,9.69212734155848,1.0924065275819836
467,Liberia,LBR,2017,113.1579595811448,102.8017220042445,9.746902896904814,1.1098103131428143
468,Libya,LBY,2014,69.70909529162843,0.07097300456314634,67.27951660169464,3.2785924218497513
469,Libya,LBY,2015,70.5702903879157,0.06160474758803685,68.15907620440376,3.2924537401880856
470,Libya,LBY,2016,71.88861516355894,0.05527307940640775,69.43578417878827,3.3736741387191214
471,Libya,LBY,2017,72.78869191749322,0.048323227144040436,70.29779464103895,3.4452586334453086
472,Lithuania,LTU,2014,35.11186187984981,1.0274439494746703,33.25769851346174,0.9933117109746612
473,Lithuania,LTU,2015,34.738008760660385,1.020798248649292,32.89037022396793,0.9900138767703268
474,Lithuania,LTU,2016,33.548517631413205,1.0049714829725884,31.723272069241737,0.9759572328807028
475,Lithuania,LTU,2017,33.17304660318631,0.9558676994521956,31.386257811384482,0.9894746968977066
476,Low SDI,,2014,152.46981573394365,91.62045306172054,52.63880723610591,15.360513402982711
477,Low SDI,,2015,152.12638601554184,88.75212903586555,54.9543967904457,15.662187612743685
478,Low SDI,,2016,150.01117853478746,86.05973414469496,55.44908091463278,15.723099900360706
479,Low SDI,,2017,147.31583520091914,83.00646642453317,55.82968956968671,15.61301025417332
480,Low-middle SDI,,2014,112.89676902267857,57.69389681394811,48.67277049759913,10.56812395110019
481,Low-middle SDI,,2015,111.13277125037102,54.457870902952145,50.16247456215397,10.462056925419274
482,Low-middle SDI,,2016,108.95069190124828,52.7791714658522,49.58258913173886,10.469572697073009
483,Low-middle SDI,,2017,106.85366230256321,50.19592182354571,50.02509720017142,10.478085401136939
484,Luxembourg,LUX,2014,17.087774401792032,0.1525897383877623,14.918264506394506,2.376400850716509
485,Luxembourg,LUX,2015,17.058514959679762,0.13969451279126974,14.874443707351535,2.4120749232409997
486,Luxembourg,LUX,2016,16.093345469940886,0.1328107501237376,13.948161149723447,2.357279203664949
487,Luxembourg,LUX,2017,15.97749926375693,0.12803809819940595,13.847322550028258,2.3458576976455654
488,Madagascar,MDG,2014,162.72191470148556,144.71147755242615,16.92961539568237,1.9973199702871431
489,Madagascar,MDG,2015,160.58744343674624,142.98786597465747,16.518631800986277,1.9912638619974747
490,Madagascar,MDG,2016,157.4418969769692,139.75199429293087,16.602796330790472,1.9884278513617624
491,Madagascar,MDG,2017,155.06950760658387,137.5948620274753,16.385583803681367,1.9871289829263308
492,Malawi,MWI,2014,111.0907166739427,96.24727803611715,13.286121553426321,2.810998781043869
493,Malawi,MWI,2015,108.99976866093166,94.3321696502252,13.118063677182686,2.7799005464591007
494,Malawi,MWI,2016,106.87315775443705,92.75919735571163,12.565455674633233,2.7565484045233513
495,Malawi,MWI,2017,104.93508417351862,90.76202480107004,12.644389311462529,2.7201191154919884
496,Malaysia,MYS,2014,51.38007566729061,2.856470435285458,47.22927112228427,1.598794096353202
497,Malaysia,MYS,2015,52.55961698389653,2.57074083006934,48.671994191191004,1.6321394864562937
498,Malaysia,MYS,2016,49.77763583288413,2.4551835700144493,45.96913653513528,1.657299072375143
499,Malaysia,MYS,2017,50.44055047327774,2.1900196313502254,46.8584810995864,1.7081892994709569
500,Maldives,MDV,2014,26.00245538493993,8.357641847073388,15.445500591836364,2.63306257355527
501,Maldives,MDV,2015,24.598832920852896,7.445057113348044,14.95054181615512,2.614008651961328
502,Maldives,MDV,2016,22.12595792113816,6.673038433711375,13.19950882592784,2.6185304497181936
503,Maldives,MDV,2017,21.43409424046895,5.9749686911223066,13.185675766969506,2.6284370534339976
504,Mali,MLI,2014,107.70297031554612,94.48221224300428,11.85702456610049,2.6569419721080134
505,Mali,MLI,2015,107.98204574874791,92.1007972937582,14.49683530141234,2.701288483439346
506,Mali,MLI,2016,108.83493982493552,93.76358018833574,13.644219990593527,2.769741865030092
507,Mali,MLI,2017,107.07540576931817,91.68252957805905,13.935527620967727,2.810955901217647
508,Malta,MLT,2014,23.174795412467024,0.32051512023418244,21.49560187258676,1.6517698279728137
509,Malta,MLT,2015,23.49562395794774,0.2961057161736934,21.805218282253136,1.6988338286879467
510,Malta,MLT,2016,23.36082766367033,0.2929993684994352,21.615067361874136,1.75739033013047
511,Malta,MLT,2017,23.624933392767463,0.27869204307693124,21.86008634201036,1.7991627334607203
512,Marshall Islands,MHL,2014,102.43851903077093,63.24481800331841,39.11542391342351,0.09746195303559373
513,Marshall Islands,MHL,2015,100.30413356973897,60.86857605157189,39.32470358615386,0.13732115199878214
514,Marshall Islands,MHL,2016,94.94876206134676,57.57592636493268,37.228539923074116,0.1772733092171399
515,Marshall Islands,MHL,2017,93.04476503315009,54.75998213146287,38.10427055344749,0.21995603710351505
516,Mauritania,MRT,2014,87.95655652894408,55.44122847801203,31.626855977178536,1.4000231934383114
517,Mauritania,MRT,2015,87.4527028033656,52.05749592781439,34.49714788281261,1.4216462215719676
518,Mauritania,MRT,2016,85.21598960469369,50.53742790018447,33.746171439228036,1.460350838891587
519,Mauritania,MRT,2017,83.84267118415103,48.32151086637121,34.56624942062528,1.4891904043059576
520,Mauritius,MUS,2014,51.81524171613411,4.246162345648556,46.93857342561859,0.7728937592948856
521,Mauritius,MUS,2015,49.70206151805778,3.9919732606772267,45.073070703748506,0.7740245827450483
522,Mauritius,MUS,2016,49.170485871082036,3.739863287693072,44.77800222700635,0.7922903551556757
523,Mauritius,MUS,2017,48.68229856910008,3.426270276687469,44.60339225182074,0.7927852121678572
524,Mexico,MEX,2014,45.954108196386,11.431175565071268,31.078965135191716,4.504277032052854
525,Mexico,MEX,2015,45.134731459213725,11.328643160966866,30.376903620327038,4.458798750276161
526,Mexico,MEX,2016,44.73708440571189,11.277099905141561,29.987698727390597,4.4788838317528334
527,Mexico,MEX,2017,44.40708421938613,10.832114307587922,30.124273791906376,4.451257721365116
528,Micronesia (country),FSM,2014,94.01580460137916,61.89184814879531,31.93597765295633,0.2416142629853931
529,Micronesia (country),FSM,2015,92.92237475831749,60.53528773353976,32.191296718082164,0.2497846643329101
530,Micronesia (country),FSM,2016,91.234159044625,59.56419776958838,31.466474560416216,0.2578825720692489
531,Micronesia (country),FSM,2017,90.16464757813236,57.64769384186877,32.305456008516394,0.2667853277453744
532,Middle SDI,,2014,72.8875897613342,22.316168822152786,45.499846065409926,7.6341734438939035
533,Middle SDI,,2015,71.86240513497219,21.41740402823759,45.344521435710135,7.602954094060393
534,Middle SDI,,2016,69.55199566885183,20.744829069102856,43.64430267447793,7.576669537192396
535,Middle SDI,,2017,68.01393322212499,19.00263025233688,43.80411296751751,7.6066602664759735
536,Moldova,MDA,2014,55.52629002832656,12.47788017414576,41.68531118185832,1.7124207436588994
537,Moldova,MDA,2015,55.83901239452469,11.58209196811226,42.9221563865894,1.6784344588837774
538,Moldova,MDA,2016,51.70355218079031,10.282318287703667,40.157692483978636,1.5793697369164732
539,Moldova,MDA,2017,49.8682362169943,9.420438636592404,39.17150325053075,1.591486873154597
540,Mongolia,MNG,2014,86.28391760104769,38.70203059743858,46.29256902884264,1.8962003422972984
541,Mongolia,MNG,2015,84.75748553101734,35.8746520517309,47.627030491496534,1.8567074113887927
542,Mongolia,MNG,2016,81.37902801953524,35.61779670835664,44.49291512438808,1.847725396459836
543,Mongolia,MNG,2017,81.61391845496416,34.280808680448196,46.07859844762954,1.8375180915274
544,Montenegro,MNE,2014,48.719890034431494,17.954039633151034,30.02857094480442,0.9859343833903492
545,Montenegro,MNE,2015,49.03554657082575,17.506180872243196,30.782576950477143,1.0005162425474114
546,Montenegro,MNE,2016,47.8885827551507,17.5906818341657,29.53876836241912,1.0081562846034415
547,Montenegro,MNE,2017,47.548888338090194,17.17675752480232,29.610537587663668,1.0097614079559678
548,Morocco,MAR,2014,68.40328845915542,3.687108557644871,62.95481094354483,2.334854500269462
549,Morocco,MAR,2015,68.38215000284399,3.1485130031675332,63.473068772293004,2.344601720173776
550,Morocco,MAR,2016,68.43200523651471,2.638902796089161,64.02900019404532,2.3603619239497555
551,Morocco,MAR,2017,67.26864667934552,2.325253116098603,63.17102388546549,2.369861010510302
552,Mozambique,MOZ,2014,136.46011731058098,121.25167581768535,13.982696224284005,2.237712603969076
553,Mozambique,MOZ,2015,133.10797205283606,118.10803846343984,13.785509875226808,2.1971120089353917
554,Mozambique,MOZ,2016,129.68669122431265,114.9028125445978,13.582773999667216,2.159496329807609
555,Mozambique,MOZ,2017,125.85633337307777,111.12580923499318,13.543209306666654,2.1203810592119186
556,Myanmar,MMR,2014,127.10028943736022,78.08884366730445,41.75854766078815,11.727689708866578
557,Myanmar,MMR,2015,123.97154283858762,76.08909747436249,40.60876927609116,11.662654526960427
558,Myanmar,MMR,2016,120.86908104969473,74.80977116246288,38.77508193519158,11.57942004015966
559,Myanmar,MMR,2017,118.10524630170325,72.58260823502911,38.29937346473019,11.43424470348393
560,Namibia,NAM,2014,80.65479010595942,47.19672318001622,29.845251030941284,5.2314761131542005
561,Namibia,NAM,2015,79.43159901737721,44.86027734406478,30.994815353066127,5.167312809450898
562,Namibia,NAM,2016,77.0966355341758,43.20875486779219,30.313585940360838,5.11444149678988
563,Namibia,NAM,2017,75.60720741392433,41.62359598813735,30.42583531088653,5.0646516564444495
564,Nepal,NPL,2014,137.5943993815295,65.49455232733803,61.86984497542544,18.278801805284623
565,Nepal,NPL,2015,136.43224885890365,63.85351385112385,62.194064250474405,18.4317714400134
566,Nepal,NPL,2016,134.87894132611652,60.6237595384888,63.78249120438217,18.492013397897683
567,Nepal,NPL,2017,133.26111106641986,57.74157089323314,64.98809155380978,18.545323487991745
568,Netherlands,NLD,2014,19.093651202428482,0.09116608995314868,17.102812680109054,2.279953188525458
569,Netherlands,NLD,2015,19.29096156859232,0.08963619931239944,17.25142180277427,2.342460660277937
570,Netherlands,NLD,2016,18.586539606771527,0.08830232472686067,16.517179284518257,2.3609604070728403
571,Netherlands,NLD,2017,18.61250428075268,0.08533711145343154,16.536460430293964,2.3724880775011803
572,New Zealand,NZL,2014,9.537696604180997,0.15229096324899266,9.238484389678725,0.16148045208420966
573,New Zealand,NZL,2015,9.376395319558684,0.14562884781274493,9.04056283944598,0.20892064863920834
574,New Zealand,NZL,2016,8.646934412209875,0.1349575402279921,8.273321160515545,0.2598461572250106
575,New Zealand,NZL,2017,8.598756880012333,0.1309384617828243,8.176373378836955,0.3171515005096203
576,Nicaragua,NIC,2014,39.98255408281853,27.031438580974122,12.159787306065487,1.1228180597487205
577,Nicaragua,NIC,2015,36.985172103044675,24.72982891099952,11.490473194842709,1.0739417812244532
578,Nicaragua,NIC,2016,34.779565052087825,23.109162406628197,10.920959601877568,1.0417410866568575
579,Nicaragua,NIC,2017,33.43893638008532,21.764927972866968,10.927921583236873,1.0299626348299395
580,Niger,NER,2014,140.70948900818163,119.56400116313091,19.61229652689748,3.242647296358628
581,Niger,NER,2015,140.946489690758,113.18106617492329,26.257089463212036,3.2202377798296933
582,Niger,NER,2016,140.36924844024114,112.33260449014743,26.502492774122327,3.253486089441935
583,Niger,NER,2017,138.46776300076368,109.0242846128928,27.901248827985427,3.2728374920208108
584,Nigeria,NGA,2014,81.24824723283473,51.42600515201681,28.640410280520463,1.9292034839130343
585,Nigeria,NGA,2015,83.63084398958392,46.3512493160301,36.122425325359714,1.9388177787635348
586,Nigeria,NGA,2016,82.90048546151318,46.17296270251131,35.53636699003318,1.979999498111357
587,Nigeria,NGA,2017,81.22147297940873,44.650236727829466,35.368217516927686,1.9940292619545232
588,North Africa and Middle East,,2014,68.17358354708361,9.505795466367072,56.23168031784702,3.449284094620501
589,North Africa and Middle East,,2015,68.70389836691379,8.709037496179825,57.59831599361082,3.4220072589894066
590,North Africa and Middle East,,2016,67.2473166969191,8.349402722174933,56.52199964105833,3.3857814958996086
591,North Africa and Middle East,,2017,66.20788699154082,7.95853185665108,55.88758288420382,3.361680652939361
592,North America,,2014,19.441482126705672,0.08840883891247711,15.978585813559361,3.8362269566665073
593,North America,,2015,19.112719199566964,0.08566490730716497,15.62484031868409,3.8578501301297647
594,North America,,2016,17.95643093982378,0.08363604734802034,14.430103426104873,3.860427958251792
595,North America,,2017,17.940693739755147,0.08213014683134022,14.399434161280894,3.8770760768656785
596,North Korea,PRK,2014,148.3601513464854,92.3417750680705,38.54224877151313,28.613235698675165
597,North Korea,PRK,2015,146.9762502190843,89.21301215421045,40.45555053767581,28.324118669250346
598,North Korea,PRK,2016,142.6343619832721,89.81874469811243,35.51927413644676,27.95222112986187
599,North Korea,PRK,2017,140.43869366376939,87.429139317901,35.788645624267275,27.729932956423074
600,North Macedonia,MKD,2014,49.839374105708195,13.131232921946271,35.41783879437596,1.7793351911459752
601,North Macedonia,MKD,2015,51.43558681813108,13.089906904559937,37.0140978025652,1.8349658180773665
602,North Macedonia,MKD,2016,50.3714707533674,12.833529810362489,36.18091008449276,1.8507164294669276
603,North Macedonia,MKD,2017,49.98650948279586,12.371671321681434,36.252997095685046,1.855490029447262
604,Northern Ireland,,2014,17.684826415253468,0.3244618047691521,15.982879180133256,1.5924908047425432
605,Northern Ireland,,2015,17.921725474810227,0.3140409776425244,16.173130046035382,1.6563668034273662
606,Northern Ireland,,2016,17.011363090126192,0.3031943719488674,15.28345157478936,1.6328483764786783
607,Northern Ireland,,2017,16.834393167074893,0.2858505611724281,15.130755504161865,1.6245611591168825
608,Northern Mariana Islands,MNP,2014,39.267366478775934,12.031718036370748,23.617423858444553,4.347152586372581
609,Northern Mariana Islands,MNP,2015,39.30210763667331,11.729753222518534,23.92477102404501,4.380546787474945
610,Northern Mariana Islands,MNP,2016,38.1201219962145,11.42482351555667,23.050915014677976,4.352340958431834
611,Northern Mariana Islands,MNP,2017,37.64082826376656,11.026039663409406,22.98980174795813,4.323899363989
612,Norway,NOR,2014,12.649250761227535,0.22398727761695575,10.83611608277284,1.7915529771725511
613,Norway,NOR,2015,11.474984816579195,0.20260295287683566,9.710341287658633,1.7469842542971754
614,Norway,NOR,2016,10.855094877469542,0.1901080761173368,9.12469649460081,1.712648436439397
615,Norway,NOR,2017,10.888941039349435,0.18315886248335966,9.153368442107952,1.726015706196801
616,Oceania,,2014,206.21847397892805,176.7973358476769,29.154421450829158,0.4010718212314067
617,Oceania,,2015,203.3002375523792,173.50350389306809,29.468641812166208,0.4972345914667349
618,Oceania,,2016,198.84061349252548,170.04268309890847,28.399909724619068,0.6034680309474253
619,Oceania,,2017,195.86845916320576,167.3139068465438,28.082931652560397,0.7167661273690185
620,Oman,OMN,2014,57.285814652618505,0.9196786298615032,55.466725917766674,1.2246602126999553
621,Oman,OMN,2015,57.94529968147321,0.7145604367263807,56.37767951336602,1.1770816611761443
622,Oman,OMN,2016,54.4034240351526,0.5914359040498676,53.02618267095122,1.0816097490179288
623,Oman,OMN,2017,53.699089258385115,0.5028944167474898,52.42601766533473,1.0581633428149513
624,Pakistan,PAK,2014,129.91752464914094,64.4223023524531,59.10765922379284,10.320503126646523
625,Pakistan,PAK,2015,127.8247895077592,61.48449998269838,59.92902517604059,10.319128364910217
626,Pakistan,PAK,2016,125.48330197210501,58.86971372156918,60.127648384856364,10.344738198741393
627,Pakistan,PAK,2017,123.21548005051204,55.964228215119114,60.70407621759009,10.378400044728938
628,Palestine,PSE,2014,56.748406794914075,0.9003816847061262,54.13419353489446,2.295916047362439
629,Palestine,PSE,2015,55.24488396966164,0.7660689691696438,52.7974115216961,2.255579415109937
630,Palestine,PSE,2016,53.12603928440004,0.6709976592973462,50.81559318182849,2.1905186190142443
631,Palestine,PSE,2017,52.55643163367298,0.5797895299223991,50.339494660686604,2.1902660954079907
632,Panama,PAN,2014,23.999352300168727,7.453623388371296,15.990470458776553,0.6821716755312723
633,Panama,PAN,2015,22.877899195170997,6.8768414791208485,15.435325533560267,0.6911944610545206
634,Panama,PAN,2016,21.738714512778905,6.520393949114702,14.627081734579306,0.7145939769327593
635,Panama,PAN,2017,21.312229370981054,6.050155506443088,14.648618708562957,0.7392018996768638
636,Papua New Guinea,PNG,2014,258.8927007988455,231.64825048865376,26.967203096960578,0.4473343025280251
637,Papua New Guinea,PNG,2015,254.73108350595382,227.0822083601743,27.27417061662304,0.601455658592931
638,Papua New Guinea,PNG,2016,249.2745489254629,222.43021160085343,26.35877965413082,0.7721170002813604
639,Papua New Guinea,PNG,2017,245.29640397227246,218.8779091313977,25.81642228048602,0.9528738916692931
640,Paraguay,PRY,2014,46.48088546176445,30.928620022447852,14.533526704721186,1.346029726699124
641,Paraguay,PRY,2015,45.03825019061416,28.985780557228995,15.054432711317437,1.3134428239836542
642,Paraguay,PRY,2016,42.81282278873054,27.73894629407107,14.066052918015627,1.3078863880031606
643,Paraguay,PRY,2017,41.98531211229415,26.35801293756912,14.62176656441568,1.3006115556473954
644,Peru,PER,2014,34.524129135694096,14.202122462719949,19.93011996783532,0.5386117205601474
645,Peru,PER,2015,32.108003801286095,13.127126424015968,18.597685119013008,0.5219503369506615
646,Peru,PER,2016,31.012992962052646,12.331311550400072,18.306044653026984,0.5094461091599252
647,Peru,PER,2017,30.14589917238501,11.875582249500635,17.890552938323548,0.5116720520039268
648,Philippines,PHL,2014,115.54861379206874,76.70861980215916,37.76923489475494,1.5252456531492
649,Philippines,PHL,2015,114.28897608304753,75.61110020572094,37.570181628729465,1.5671913883608992
650,Philippines,PHL,2016,109.83731960616348,72.88067399774461,35.815425805915275,1.5993739714938104
651,Philippines,PHL,2017,106.87248335051555,70.18225729284613,35.51927630729541,1.6333417119991809
652,Poland,POL,2014,36.65099504845928,3.8732057486768685,31.336146740298773,1.855492635560782
653,Poland,POL,2015,37.178234325753095,3.6142417716400574,32.08666134059083,1.903801616687289
654,Poland,POL,2016,35.09465572067202,3.5067263371878217,30.14907152709347,1.8373298045111492
655,Poland,POL,2017,34.26669113638126,3.3163593514327903,29.53041716723688,1.811191440269789
656,Portugal,PRT,2014,16.66368331317589,0.7555502664718251,13.874254667631742,2.3332257525163844
657,Portugal,PRT,2015,16.128803846113826,0.689083771623604,13.450859902749427,2.2833291783919094
658,Portugal,PRT,2016,15.180827886051024,0.6486686343971695,12.50344425261671,2.3008965190285333
659,Portugal,PRT,2017,15.491252110396928,0.6239600691087915,12.813222904358046,2.334882316563042
660,Puerto Rico,PRI,2014,17.826842455256546,0.1341065683333136,16.689653877425425,1.152236193755732
661,Puerto Rico,PRI,2015,16.705781909556865,0.12369495965130575,15.612057587488993,1.111681553796685
662,Puerto Rico,PRI,2016,16.515578876099436,0.1269653616503488,15.365619947497173,1.1623670934683878
663,Puerto Rico,PRI,2017,16.96289757358247,0.12716538764651714,15.779330403990269,1.2003859266096313
664,Qatar,QAT,2014,64.84661732096086,0.0060374154927486795,63.23176519751267,2.4423412385711947
665,Qatar,QAT,2015,64.72292148053695,0.004741254793908099,63.209003388264286,2.358761101145749
666,Qatar,QAT,2016,62.04042744836082,0.0044040753728896475,60.54487718723826,2.305776727286762
667,Qatar,QAT,2017,61.793882945014076,0.003858714142026113,60.32076371921361,2.2824475287410464
668,Romania,ROU,2014,42.48943136070724,10.836048546877844,30.327363216470946,1.6544742450377263
669,Romania,ROU,2015,42.25767187221825,10.274344317186703,30.65392844122169,1.6623360727663827
670,Romania,ROU,2016,40.79870077511529,10.016682883354262,29.449898652354303,1.654230977570032
671,Romania,ROU,2017,40.416006134925496,9.549933083460711,29.526823079623213,1.662040776262044
672,Russia,RUS,2014,46.970719141651365,0.21206385866508148,45.51114143680493,1.5151465788484362
673,Russia,RUS,2015,46.08005071898089,0.1933305520071299,44.6385762679573,1.521135820586334
674,Russia,RUS,2016,43.76386603444571,0.17958847814741372,42.35551970560384,1.4890464985493963
675,Russia,RUS,2017,42.731027276712965,0.16336930859751936,41.35818505356849,1.4647025395787303
676,Rwanda,RWA,2014,102.61228368958919,80.27717934502809,20.73117322383925,2.8917854628498367
677,Rwanda,RWA,2015,100.55949391131584,77.92314726830405,21.052149080987526,2.8386393921088717
678,Rwanda,RWA,2016,98.49676310613951,75.78733473428387,21.14293114564744,2.79399850856211
679,Rwanda,RWA,2017,97.08200323569254,74.0428280143675,21.484669038862453,2.7631549153973705
680,Saint Lucia,LCA,2014,39.327522875648896,6.122720274288313,33.204802601360576,0.0
681,Saint Lucia,LCA,2015,39.72653762192336,5.773103909249553,33.95343371267381,0.0
682,Saint Lucia,LCA,2016,38.87219808112542,5.581223101787132,33.29097497933828,0.0
683,Saint Lucia,LCA,2017,39.21108794192493,5.211432824907389,33.999655117017554,0.0
684,Saint Vincent and the Grenadines,VCT,2014,50.43707927489768,12.40924591738471,37.99144183871779,0.047564281517944416
685,Saint Vincent and the Grenadines,VCT,2015,50.36007841550021,11.609974236217413,38.709684527111655,0.0528298694655302
686,Saint Vincent and the Grenadines,VCT,2016,48.96374407654073,11.073221412419784,37.847883365034924,0.055426208227484085
687,Saint Vincent and the Grenadines,VCT,2017,48.67290215956563,10.414223131359444,38.21271469533856,0.0596802986220711
688,Samoa,WSM,2014,81.87777586533052,65.19306443270436,16.683408323985102,0.0018447547610065812
689,Samoa,WSM,2015,80.41272165838696,63.67096210023232,16.7404903955273,0.0017730043107824773
690,Samoa,WSM,2016,78.03129125541855,62.19599049577486,15.834059719284472,0.0017223020213201574
691,Samoa,WSM,2017,76.83415607894658,60.58533752988396,16.247599166477755,0.0016992450006486713
692,Sao Tome and Principe,STP,2014,114.77148387755557,82.37315197237089,30.23417600201497,3.3583493167186287
693,Sao Tome and Principe,STP,2015,112.71338023629393,78.89031518061438,31.550181227904204,3.501979140124882
694,Sao Tome and Principe,STP,2016,111.88732449769908,76.72123078931213,32.752274876510384,3.694662211201341
695,Sao Tome and Principe,STP,2017,110.081244889371,74.2261855828821,33.31577333068209,3.860018237551194
696,Saudi Arabia,SAU,2014,67.8640199052199,0.3317889319826344,65.5193907174009,3.0060346375033644
697,Saudi Arabia,SAU,2015,69.34716062341386,0.2338991779403838,67.27417988945993,2.843313890043786
698,Saudi Arabia,SAU,2016,65.16091330384386,0.20158791779039947,63.125473768361026,2.7763069367105007
699,Saudi Arabia,SAU,2017,64.07581882776527,0.16220596237270934,62.143096835635525,2.6963898995374955
700,Scotland,,2014,17.43517477259224,0.7340351163704649,15.055523333231983,1.8597683604397464
701,Scotland,,2015,17.47829991091806,0.7177599187386725,15.047484046811686,1.9325711092738191
702,Scotland,,2016,16.651897585157098,0.6812285106700732,14.212786981499402,1.9664398837835009
703,Scotland,,2017,16.506797577099082,0.6474090907304701,14.113348944769148,1.952404658686935
704,Senegal,SEN,2014,107.88120713092891,85.41460210597282,21.44185040505825,1.7784810818833137
705,Senegal,SEN,2015,108.65704997407951,82.55424997972328,25.060840473413247,1.8204185867199443
706,Senegal,SEN,2016,107.07370269649259,83.43234416447542,22.56392156480995,1.8674436004426875
707,Senegal,SEN,2017,106.05521182020522,81.36546710273886,23.59981667724977,1.8902705689890265
708,Serbia,SRB,2014,68.30638923420565,25.5506698902783,40.68466249385086,2.8478057001948818
709,Serbia,SRB,2015,68.17432544424858,24.65374203871995,41.42772016109543,2.8767872771735683
710,Serbia,SRB,2016,63.988774383850966,23.757082106619997,38.18777875193208,2.7817587439577967
711,Serbia,SRB,2017,62.578533482706,22.926748163718386,37.636554172481326,2.7388789554395108
712,Seychelles,SYC,2014,44.40330090927138,4.663420852523815,39.2832207419721,0.5816258274185317
713,Seychelles,SYC,2015,43.19669307413467,4.423784242319694,38.32154400586758,0.5709955258896999
714,Seychelles,SYC,2016,43.12389498068841,3.9685034498965686,38.71247670646706,0.5616485311471339
715,Seychelles,SYC,2017,42.32630251704251,3.660678958646263,38.22685752011139,0.5555092809656966
716,Sierra Leone,SLE,2014,160.12056903982025,145.0209317297941,13.859861572367587,2.234479743801248
717,Sierra Leone,SLE,2015,156.9118728561813,138.35466103205533,17.299434431684915,2.263931294542433
718,Sierra Leone,SLE,2016,152.9037149503743,135.22001112588538,16.399096420340967,2.3019408444815026
719,Sierra Leone,SLE,2017,149.5983372031977,131.61150095456222,16.679889839617307,2.3292019011776355
720,Singapore,SGP,2014,20.39496339844702,0.048777568754008835,19.742903119985034,0.7480323371648224
721,Singapore,SGP,2015,21.70642760931517,0.04145839703049866,21.060794616097667,0.7639883762824391
722,Singapore,SGP,2016,19.932635819194875,0.03837238307436527,19.286399880607647,0.760298828076953
723,Singapore,SGP,2017,19.98012764703665,0.03567399923173045,19.29837689064142,0.809215757106203
724,Slovakia,SVK,2014,37.675384504596146,1.863859407130334,34.487427845909814,1.6595296709295746
725,Slovakia,SVK,2015,38.51551686307555,1.7925318590002146,35.39315245181512,1.6711831308567453
726,Slovakia,SVK,2016,35.80706769758997,1.7464969382455544,32.77760613856719,1.5976835057333139
727,Slovakia,SVK,2017,35.36190176779609,1.6290348845850045,32.47774035832761,1.5648600281623104
728,Slovenia,SVN,2014,20.326543655819982,1.7932236069771794,17.177073818096858,1.6871866803151707
729,Slovenia,SVN,2015,20.815671247652308,1.7056260091773898,17.73689150517233,1.7127076446522151
730,Slovenia,SVN,2016,19.738110842518985,1.6336504516446515,16.747235343161723,1.678591837129633
731,Slovenia,SVN,2017,19.72328919282849,1.5656381503288528,16.790947813723637,1.6910186968514824
732,Solomon Islands,SLB,2014,193.9933519502903,175.6891327579267,18.257935991328107,0.0747832019102971
733,Solomon Islands,SLB,2015,192.32125775356738,173.11704919427422,19.14370387158309,0.09728809764246786
734,Solomon Islands,SLB,2016,189.48150085817096,171.2595021241968,18.145631929189992,0.12216650997157015
735,Solomon Islands,SLB,2017,187.2542829404484,168.81778654307763,18.342997618557874,0.1489647395676695
736,Somalia,SOM,2014,174.00270522375217,156.70322250834974,16.51918733402237,1.5436575309592533
737,Somalia,SOM,2015,171.53311536272508,153.6960695608444,17.04660123827459,1.5665240018611544
738,Somalia,SOM,2016,168.2403639230219,150.11417549300518,17.31669576799138,1.5918616363104885
739,Somalia,SOM,2017,165.82858222804225,147.88948784960408,17.114341181538435,1.6214096772047784
740,South Africa,ZAF,2014,67.35810955525542,16.278313917402464,48.79329944206426,3.0704119424413463
741,South Africa,ZAF,2015,65.6569820093827,14.797394553350422,48.54142418716739,3.093138378435287
742,South Africa,ZAF,2016,63.010183959077814,13.327024218673849,47.34459604568104,3.0979383294261607
743,South Africa,ZAF,2017,57.853890015715216,10.99690220411361,44.644446506016294,2.9232803715194158
744,South Asia,,2014,134.92862581226592,61.000363810452825,64.77501398248123,15.797753996552894
745,South Asia,,2015,133.26788833132156,58.06244266163544,65.97549385358793,15.836615244515214
746,South Asia,,2016,131.2674076965775,55.66494431167965,66.25083377699103,15.898912952897115
747,South Asia,,2017,128.80321748006006,52.538057490975724,66.90052673883338,15.83877881494094
748,South Korea,KOR,2014,23.558437779077245,0.01809433314743567,22.011848248386478,1.9999914625309256
749,South Korea,KOR,2015,23.475669015886368,0.016493102560404226,21.935468541534085,2.0024961868981492
750,South Korea,KOR,2016,21.884708352766694,0.015850735217132744,20.329485027751254,1.9945717657850728
751,South Korea,KOR,2017,21.69790198713537,0.015175743790891353,20.123075108002297,2.0204681805617746
752,South Sudan,SSD,2014,160.00156903691578,135.53508555072872,22.663099077012124,3.4951894719188186
753,South Sudan,SSD,2015,160.89468487415104,133.4676010766305,25.634709680803823,3.4803008344960964
754,South Sudan,SSD,2016,159.05513266728389,132.69698105936976,24.547646375938392,3.487405505214781
755,South Sudan,SSD,2017,156.16546988335233,129.42378575980354,24.923562442870768,3.489704459563633
756,Southeast Asia,,2014,72.52190590785426,39.73708003944057,30.868103020876685,2.7790290625002654
757,Southeast Asia,,2015,70.94207136938867,38.257193206805354,30.748067754449984,2.7841194312668964
758,Southeast Asia,,2016,68.52215980122962,36.76593726526925,29.79277701359899,2.795432620215027
759,Southeast Asia,,2017,66.89490627615808,35.016602366394665,29.89318590202223,2.8097893560865117
760,"Southeast Asia, East Asia, and Oceania",,2014,78.68388036771736,24.828313779790125,47.45042864385263,9.738931540753171
761,"Southeast Asia, East Asia, and Oceania",,2015,77.77720552650453,23.847546971022467,47.57583593650546,9.603736056539784
762,"Southeast Asia, East Asia, and Oceania",,2016,74.51444725482679,23.209377951737828,44.923848597122536,9.480824774235693
763,"Southeast Asia, East Asia, and Oceania",,2017,72.56410760755641,21.254221024727872,44.908321835093744,9.473460985767225
764,Southern Latin America,,2014,30.11908865185527,2.8185974267333265,26.140379930830086,1.4171228800908022
765,Southern Latin America,,2015,29.935406190532106,2.604863032909032,26.121704977499927,1.4768386409520302
766,Southern Latin America,,2016,28.831655254152466,2.495345097184296,25.072202215953563,1.5307339478069135
767,Southern Latin America,,2017,28.39385663845973,2.372909582957804,24.714856242177838,1.5794133376377777
768,Southern Sub-Saharan Africa,,2014,80.16695962715316,31.97548168975992,45.7268923145701,3.4113301484724237
769,Southern Sub-Saharan Africa,,2015,77.87242031444102,29.98239853550153,45.40722787500136,3.4117726263642023
770,Southern Sub-Saharan Africa,,2016,74.84209993404143,28.037926530967173,44.31381935743251,3.3952320979647572
771,Southern Sub-Saharan Africa,,2017,69.84809263012343,25.338791216779548,42.13127546960815,3.2341342899538565
772,Spain,ESP,2014,15.315841371893587,0.498187280714035,12.369865374066984,2.859837700968518
773,Spain,ESP,2015,15.979845973086288,0.4897220100656003,12.941654472684991,2.987383868436818
774,Spain,ESP,2016,14.776496470057173,0.4649402002852436,11.83727323849756,2.8766335685672013
775,Spain,ESP,2017,14.481292760208195,0.4396444651459856,11.598344171796596,2.8389567962445423
776,Sri Lanka,LKA,2014,55.00640170885796,27.924962786600545,26.701983340296177,0.5387507880737571
777,Sri Lanka,LKA,2015,52.5685971205109,26.428051713544146,25.74590762333878,0.5544009925210892
778,Sri Lanka,LKA,2016,43.27222555262106,26.903919346082862,15.929086422519346,0.5763735697000097
779,Sri Lanka,LKA,2017,38.46263658418249,25.16209965960096,12.832796978689535,0.5972401386002671
780,Sub-Saharan Africa,,2014,108.62905101610428,80.54234404646719,26.499554417334966,2.6533521400656563
781,Sub-Saharan Africa,,2015,107.59496315209684,76.47238546917175,29.535539094513013,2.6557698737708484
782,Sub-Saharan Africa,,2016,105.32924951642909,74.49524720501691,29.226426719787213,2.672383223979665
783,Sub-Saharan Africa,,2017,102.7262742059895,72.18739462767438,28.935964187790113,2.6604924638297542
784,Sudan,SDN,2014,101.01643093953544,62.89181417751022,36.66180264767094,2.3600139178521395
785,Sudan,SDN,2015,100.55114882257786,57.00683018345738,42.09278829590246,2.3544900543502973
786,Sudan,SDN,2016,97.36845987054285,55.30052003762764,40.58802662406661,2.374240421818832
787,Sudan,SDN,2017,95.70386241591244,52.43083262939619,41.764316572238585,2.40480390787413
788,Suriname,SUR,2014,49.21250398720047,12.545767499452596,36.277135174996545,0.516674399601058
789,Suriname,SUR,2015,50.61099976887567,12.327838233078273,37.86042617530555,0.5597376762371654
790,Suriname,SUR,2016,50.09759588913193,11.993360144345145,37.66496751410752,0.5786762382213296
791,Suriname,SUR,2017,48.714428646444254,11.351051551281138,36.92001981131924,0.5823429853404283
792,Sweden,SWE,2014,11.293667435946707,0.2264890425046389,9.912536069553246,1.2862846415872968
793,Sweden,SWE,2015,9.85002662300768,0.2003195918426076,8.47778460386595,1.2862486083955107
794,Sweden,SWE,2016,9.280194026324793,0.18138297027333666,7.913134283995126,1.2942612202201806
795,Sweden,SWE,2017,9.395303079970224,0.17539701595297494,8.04095235887221,1.2898080360029038
796,Switzerland,CHE,2014,13.266524384134796,0.2227985080227221,11.483214012548947,1.8468143776611323
797,Switzerland,CHE,2015,12.91571029469802,0.2073064114162344,11.14980039001042,1.840616746853729
798,Switzerland,CHE,2016,11.980382637095685,0.2000679032839555,10.273577037183337,1.7651448373503018
799,Switzerland,CHE,2017,11.705171652358954,0.1882479350399344,10.03948848728255,1.7294882607249202
800,Syria,SYR,2014,64.51677691356177,0.141792447293202,62.29887696293563,2.857928152833002
801,Syria,SYR,2015,65.14243341579177,0.11997323159389472,62.96881949937281,2.847088614851871
802,Syria,SYR,2016,64.84131305187739,0.10277748086927092,62.667221071102006,2.8664013549954306
803,Syria,SYR,2017,64.22641351172672,0.08820461816190872,62.061240742088,2.8749321393010114
804,Taiwan,TWN,2014,34.58562917581152,1.8513566290792955,29.79596307908468,3.841991398935375
805,Taiwan,TWN,2015,33.33393615747206,1.7285849212710949,28.73069846528262,3.7441412099005515
806,Taiwan,TWN,2016,32.79977620851469,1.6998042689181811,28.17916452042053,3.7650180472911727
807,Taiwan,TWN,2017,32.74411355504219,1.5837054918517772,28.216119166410635,3.791293467412275
808,Tajikistan,TJK,2014,95.20748973095242,41.30328146457683,51.88148350682183,3.0255145210112073
809,Tajikistan,TJK,2015,95.99474021880108,40.337626342061796,53.661645121015816,2.984808396387165
810,Tajikistan,TJK,2016,94.42678374640045,41.270342806351636,51.187294446262676,2.910269397689173
811,Tajikistan,TJK,2017,94.29643742673285,39.953465354597604,52.36181317736281,2.944508889645777
812,Tanzania,TZA,2014,99.94188394267523,82.96951429228369,16.16236264825067,1.4183811595895868
813,Tanzania,TZA,2015,99.14784636393081,82.21167854933486,16.10476342372283,1.4497454632165605
814,Tanzania,TZA,2016,97.66813763170951,80.28697316883992,16.52375382505835,1.4836916524247368
815,Tanzania,TZA,2017,96.5373228841047,78.7673045581629,16.891037406360727,1.5164074604447677
816,Thailand,THA,2014,34.651110511176164,8.408271972046043,25.57697196758717,0.9011141465577438
817,Thailand,THA,2015,33.328411186053536,7.824727870429072,24.86486705349657,0.8558743382497742
818,Thailand,THA,2016,33.060405561149175,7.307369917252394,25.108170678905353,0.8577510043915676
819,Thailand,THA,2017,32.81342263200955,6.704581833154358,25.4478311139682,0.8775768102505846
820,Timor,TLS,2014,99.05331238221386,79.78163421743076,18.328834866589965,1.4959198542712209
821,Timor,TLS,2015,98.66891364909357,78.87969427498992,18.767479112189807,1.6142951607681388
822,Timor,TLS,2016,98.08025266153099,78.45134361122687,18.5223744558816,1.7404468202581584
823,Timor,TLS,2017,97.66245515616586,78.41731941245548,18.039690526757255,1.8883411551526736
824,Togo,TGO,2014,123.023475602012,101.7479588126183,19.970689471057703,2.283846431773315
825,Togo,TGO,2015,121.15306760818936,94.876158265862,24.976620032223934,2.287037242704214
826,Togo,TGO,2016,118.15604542335686,92.30634939137026,24.52775179740521,2.309815186080427
827,Togo,TGO,2017,115.22943381323178,89.88397595886532,24.006276935255308,2.320647250688173
828,Tonga,TON,2014,76.9873606129996,50.94919445465392,26.037370915222894,0.0010283804994923804
829,Tonga,TON,2015,74.71951606653327,49.69489866556014,25.02375752823067,0.001110522145230173
830,Tonga,TON,2016,72.44547195864548,47.81472029623094,24.62976306174201,0.0012528104194632222
831,Tonga,TON,2017,70.72940437136224,46.12549056137768,24.60274239889044,0.001474957444155176
832,Trinidad and Tobago,TTO,2014,50.64731631838653,0.9046095287602682,49.39593951049472,0.4468793932332491
833,Trinidad and Tobago,TTO,2015,50.630311852194936,0.8817511908849617,49.39152052974212,0.4588796783253211
834,Trinidad and Tobago,TTO,2016,51.57747791657147,0.8950982718648173,50.306911965941374,0.48088478163727594
835,Trinidad and Tobago,TTO,2017,51.80870490947064,0.8704718065601329,50.5498688680279,0.4977864897060315
836,Tropical Latin America,,2014,32.75070395471168,7.375451363165301,23.693421994561128,2.0522569878840717
837,Tropical Latin America,,2015,31.81900681520371,6.8732220263084605,23.25077784575008,2.0593714653070863
838,Tropical Latin America,,2016,30.627383079304234,6.467518796794358,22.42530029144246,2.0867449393320445
839,Tropical Latin America,,2017,30.580407020355448,6.051460533548509,22.754606033965906,2.1319732174522663
840,Tunisia,TUN,2014,51.66297828977153,0.31563185056713383,49.258878090878035,2.8130929984270794
841,Tunisia,TUN,2015,51.9042575219606,0.26484040132054404,49.55824185766004,2.816595697038011
842,Tunisia,TUN,2016,52.41809756603313,0.21724494516272466,50.132332602428434,2.8172501261135348
843,Tunisia,TUN,2017,51.61341349528811,0.1896516525798198,49.354613220718925,2.8123745143610246
844,Turkey,TUR,2014,50.09158673768747,0.6848937393088358,45.887339881141976,4.8827683024923285
845,Turkey,TUR,2015,49.71332455002552,0.5499470203021869,45.75067481788177,4.774716200978894
846,Turkey,TUR,2016,47.881273224413576,0.4614083891295652,44.101867543962676,4.627937271330769
847,Turkey,TUR,2017,46.77557879410171,0.4000586888682341,43.126372670117405,4.526615041515589
848,Turkmenistan,TKM,2014,68.74162758428793,0.6079831325145177,66.95394755633397,1.4835799652996386
849,Turkmenistan,TKM,2015,69.73456130690366,0.4983916934468589,68.06780718498477,1.4787051831387683
850,Turkmenistan,TKM,2016,67.35602462417552,0.4749956309282878,65.69985814017353,1.4836337770098802
851,Turkmenistan,TKM,2017,67.29758185900461,0.44489673172917377,65.65694225044125,1.505881817129864
852,Uganda,UGA,2014,100.77013137146588,77.433107289669,22.010372763500403,2.408333780417064
853,Uganda,UGA,2015,97.84641549363741,73.90369059509044,22.616065430308147,2.401678762492564
854,Uganda,UGA,2016,95.53886793707909,70.77299670355825,23.43131339263284,2.4123876692947808
855,Uganda,UGA,2017,93.71754318661085,69.2222695861263,23.13923062910701,2.4362077624238627
856,Ukraine,UKR,2014,59.915771148034295,5.201124329687037,53.69020327054574,1.2921109268410478
857,Ukraine,UKR,2015,71.01454378817381,5.56231867743569,64.25415940828339,1.5195453026173809
858,Ukraine,UKR,2016,67.76833734551823,5.235080002515712,61.36455714887041,1.4751390146642078
859,Ukraine,UKR,2017,63.88562435228056,4.875243394792026,57.85280530520957,1.4584162628818813
860,United Arab Emirates,ARE,2014,77.61187752931701,0.3856021806713357,73.27175729456802,5.395082821554178
861,United Arab Emirates,ARE,2015,79.41727038350533,0.32865383789712266,75.21592008258948,5.3486199502234335
862,United Arab Emirates,ARE,2016,78.10633233546515,0.3078524371889823,73.93151784916678,5.320663701916133
863,United Arab Emirates,ARE,2017,77.84550799288915,0.2783852073194291,73.7232725414425,5.292742032262492
864,United Kingdom,GBR,2014,18.0844111995192,0.2771150708903369,16.384936176810257,1.6703811186289024
865,United Kingdom,GBR,2015,18.243927244783627,0.26877690126511383,16.50907916972725,1.7203784994727702
866,United Kingdom,GBR,2016,17.891337338637193,0.2591373350099437,16.145949176307724,1.7381312509408409
867,United Kingdom,GBR,2017,17.783700150135274,0.24883254606769145,16.04766925296477,1.738457585100461
868,United States,USA,2014,20.27039185474096,0.09573498239427722,16.57709648960348,4.09284205457765
869,United States,USA,2015,19.951714789527134,0.092758725537689,16.232599604039038,4.115664936265889
870,United States,USA,2016,18.805666182240934,0.09075568173729012,15.041788092637901,4.122649149939827
871,United States,USA,2017,18.825145673515728,0.08913504142450251,15.043925112616275,4.142218556775733
872,United States Virgin Islands,VIR,2014,30.70451331174897,1.2890895473569497,29.18718598689982,0.26893075040932896
873,United States Virgin Islands,VIR,2015,31.032570955992078,1.289125311725667,29.503635676552644,0.28216941692982384
874,United States Virgin Islands,VIR,2016,29.458616991777237,1.249902882167293,27.961916700584286,0.2879573513111696
875,United States Virgin Islands,VIR,2017,29.74854604075168,1.2270881067436092,28.261105115651823,0.3037742051771015
876,Uruguay,URY,2014,21.222998617361018,1.4812730982717697,18.55495704473701,1.3817942071691662
877,Uruguay,URY,2015,20.831837555228287,1.393412259170701,18.18633682560304,1.4520461637765618
878,Uruguay,URY,2016,20.22684297887188,1.3257937932461032,17.612758592962226,1.4881647177455681
879,Uruguay,URY,2017,20.40197470479781,1.257980390062146,17.810391396601382,1.541233959268398
880,Uzbekistan,UZB,2014,111.17850914807329,29.07130870857208,80.49682159064501,2.1466024291831385
881,Uzbekistan,UZB,2015,111.07197690304352,26.22017683202672,83.21856533748766,2.190256462852105
882,Uzbekistan,UZB,2016,105.8142264331703,25.43410744855713,78.72498991151292,2.191593067337395
883,Uzbekistan,UZB,2017,105.08692417951728,23.633506576589685,79.78463299571749,2.216787598928012
884,Vanuatu,VUT,2014,144.15029222865266,125.326894694614,18.503793155665,0.4835275922211586
885,Vanuatu,VUT,2015,142.76234907967017,123.39675944674723,19.03876134122774,0.4927352065279076
886,Vanuatu,VUT,2016,141.00514566375034,122.02481692353442,18.64310071025218,0.5045898376520146
887,Vanuatu,VUT,2017,139.65072868617005,120.49764174599454,18.80394707869716,0.5203737242805999
888,Venezuela,VEN,2014,37.67075943725191,0.5690880288722592,35.912133308433155,1.4798108647997454
889,Venezuela,VEN,2015,37.425386252680184,0.5451263566603334,35.63568400671402,1.5400515727478208
890,Venezuela,VEN,2016,34.43032898830273,0.5023259349630685,32.732740127341835,1.4641693774343096
891,Venezuela,VEN,2017,34.74692209399745,0.4729808943817693,33.052263900633506,1.5017190729605965
892,Vietnam,VNM,2014,65.01125496073307,28.944477089952606,34.25895159942693,2.6094351472345663
893,Vietnam,VNM,2015,63.13581276345462,27.907673237803373,33.39513215446445,2.6138886169691755
894,Vietnam,VNM,2016,61.4730485097585,27.064413074313013,32.546951355713865,2.625100525454294
895,Vietnam,VNM,2017,60.31753329796778,25.63626388347209,32.80021104546688,2.6344339909792165
896,Wales,,2014,18.497476072847746,0.4475839804913401,16.5534544033194,1.7437603699740791
897,Wales,,2015,18.856808013785127,0.4309619582995257,16.865805177183418,1.8169711424747843
898,Wales,,2016,18.505087253070048,0.4218871168622172,16.49839329832724,1.8396284144235917
899,Wales,,2017,18.597231699006244,0.4087138166600928,16.598608498491274,1.846076956616522
900,Western Europe,,2014,17.3053052622458,0.2646474813672263,15.363284881157973,2.0037938650750657
901,Western Europe,,2015,17.560469484884926,0.2582149952711256,15.580991532346225,2.058737800600797
902,Western Europe,,2016,16.723282641914587,0.24930561557615225,14.763303469448955,2.0296365251484625
903,Western Europe,,2017,16.55536412740375,0.23711123496815936,14.620374536748487,2.015222793427647
904,Western Sub-Saharan Africa,,2014,106.26331285259536,79.1116432975845,25.93970378012548,2.082802447636304
905,Western Sub-Saharan Africa,,2015,107.14618037799328,73.50103376905608,32.44859012842619,2.089671580698397
906,Western Sub-Saharan Africa,,2016,105.55737706133492,72.4646255849933,31.86808322563226,2.1223383234244824
907,Western Sub-Saharan Africa,,2017,103.24159569777257,70.14070631555937,31.864205993963107,2.1347780533846104
908,World,OWID_WRL,2014,67.38420426589634,24.50738955803845,38.773719101194146,6.189589433725301
909,World,OWID_WRL,2015,67.0815026475787,23.45182104815975,39.493978603440866,6.2143191840813365
910,World,OWID_WRL,2016,65.15078460284298,22.76301741482901,38.20370081911134,6.217144234055122
911,World,OWID_WRL,2017,63.822965596360675,21.46604128859508,38.15435670775076,6.226275180573618
912,Yemen,YEM,2014,97.90255663161884,43.64070095741194,52.28119323456015,2.9619505565893265
913,Yemen,YEM,2015,99.42398859303593,39.71399152531494,57.72147439551222,2.9918792245389905
914,Yemen,YEM,2016,97.02468238057207,38.224856048159744,56.743793559781295,3.0496710199722497
915,Yemen,YEM,2017,96.50135104729178,36.3553337599567,58.03978474204812,3.107451149881728
916,Zambia,ZMB,2014,104.462125253982,80.12136515940547,21.85254618208033,4.0754606434874825
917,Zambia,ZMB,2015,102.51662641462545,78.07381755369735,21.955596147606546,4.056559147727673
918,Zambia,ZMB,2016,100.56647404686701,76.5377254805315,21.534920864057806,4.043370452307225
919,Zambia,ZMB,2017,98.86996277703714,74.84471993189219,21.537253276238,4.015376225953892
920,Zimbabwe,ZWE,2014,138.20053628648182,108.70356564095913,26.76061829550308,4.2969705439086185
921,Zimbabwe,ZWE,2015,132.75255320876386,104.34050566619177,25.71541516331892,4.200906679464229
922,Zimbabwe,ZWE,2016,128.69213767523416,100.39228701198343,25.643569528115762,4.117173407020747
923,Zimbabwe,ZWE,2017,125.02884259285015,96.23599601926122,26.166182363641425,4.052494813246566
